blend_name,blend_code,slug,description,chip_sizes,component_code,component_name,percentage,notes
"Sand Dollar","FB-951","sand-dollar","Inspired by sun-bleached coastal treasures, this gentle blend layers light, warm browns against a sea of clean white. Sand Dollar cultivates a calm, breezy atmosphere.","1/4"" | 1/8"" | 1/16""","F1780","Scone","10",""
"Sand Dollar","FB-951","sand-dollar","Inspired by sun-bleached coastal treasures, this gentle blend layers light, warm browns against a sea of clean white. Sand Dollar cultivates a calm, breezy atmosphere.","1/4"" | 1/8"" | 1/16""","F1820","White","80",""
"Sand Dollar","FB-951","sand-dollar","Inspired by sun-bleached coastal treasures, this gentle blend layers light, warm browns against a sea of clean white. Sand Dollar cultivates a calm, breezy atmosphere.","1/4"" | 1/8"" | 1/16""","F9986","Eggshell","10",""
"Opal","FB-901","opal","Mirroring the soft, milky sheen of precious gemstones, this light blend distributes gentle browns and river grays across a field of crisp white. Opal creates a clean, elegant atmosphere that offers incredible versatility, pairing effortlessly to lift any vibrant accent color or rich wood tone across a space.","1/4"" | 1/8"" | 1/16""","F1800","Whisper Gray","5",""
"Opal","FB-901","opal","Mirroring the soft, milky sheen of precious gemstones, this light blend distributes gentle browns and river grays across a field of crisp white. Opal creates a clean, elegant atmosphere that offers incredible versatility, pairing effortlessly to lift any vibrant accent color or rich wood tone across a space.","1/4"" | 1/8"" | 1/16""","F1820","White","60",""
"Opal","FB-901","opal","Mirroring the soft, milky sheen of precious gemstones, this light blend distributes gentle browns and river grays across a field of crisp white. Opal creates a clean, elegant atmosphere that offers incredible versatility, pairing effortlessly to lift any vibrant accent color or rich wood tone across a space.","1/4"" | 1/8"" | 1/16""","F9903","Online","5",""
"Opal","FB-901","opal","Mirroring the soft, milky sheen of precious gemstones, this light blend distributes gentle browns and river grays across a field of crisp white. Opal creates a clean, elegant atmosphere that offers incredible versatility, pairing effortlessly to lift any vibrant accent color or rich wood tone across a space.","1/4"" | 1/8"" | 1/16""","F9959","Antique White","30",""
"Siberian","FB-902","siberian","This sophisticated blend combines rich woodland brown, bold black, and slate gray, brightened by clean white accents for a striking visual contrast. Siberian provides a confident, grounded atmosphere.","1/4"" | 1/8"" | 1/16""","F1800","Whisper Gray","3",""
"Siberian","FB-902","siberian","This sophisticated blend combines rich woodland brown, bold black, and slate gray, brightened by clean white accents for a striking visual contrast. Siberian provides a confident, grounded atmosphere.","1/4"" | 1/8"" | 1/16""","F1820","White","84",""
"Siberian","FB-902","siberian","This sophisticated blend combines rich woodland brown, bold black, and slate gray, brightened by clean white accents for a striking visual contrast. Siberian provides a confident, grounded atmosphere.","1/4"" | 1/8"" | 1/16""","F5920","Cyberspace","3",""
"Siberian","FB-902","siberian","This sophisticated blend combines rich woodland brown, bold black, and slate gray, brightened by clean white accents for a striking visual contrast. Siberian provides a confident, grounded atmosphere.","1/4"" | 1/8"" | 1/16""","F9903","Online","5",""
"Siberian","FB-902","siberian","This sophisticated blend combines rich woodland brown, bold black, and slate gray, brightened by clean white accents for a striking visual contrast. Siberian provides a confident, grounded atmosphere.","1/4"" | 1/8"" | 1/16""","F9959","Antique White","5",""
"Glacial","FB-940","glacial","Capturing the serene colors of a quiet winter morning, this selection layers misty grays and crisp whites with a whisper of muted blue. Glacial cultivates an airy, tranquil atmosphere that coordinates perfectly to establish a unified and calm visual flow across any light-filled space.","1/4"" | 1/8"" | 1/16""","F9958","Alpaca White","12","percentages sum to 96"
"Glacial","FB-940","glacial","Capturing the serene colors of a quiet winter morning, this selection layers misty grays and crisp whites with a whisper of muted blue. Glacial cultivates an airy, tranquil atmosphere that coordinates perfectly to establish a unified and calm visual flow across any light-filled space.","1/4"" | 1/8"" | 1/16""","F9307","Schist","80","percentages sum to 96"
"Glacial","FB-940","glacial","Capturing the serene colors of a quiet winter morning, this selection layers misty grays and crisp whites with a whisper of muted blue. Glacial cultivates an airy, tranquil atmosphere that coordinates perfectly to establish a unified and calm visual flow across any light-filled space.","1/4"" | 1/8"" | 1/16""","F9972","Moody Blue","2","percentages sum to 96"
"Glacial","FB-940","glacial","Capturing the serene colors of a quiet winter morning, this selection layers misty grays and crisp whites with a whisper of muted blue. Glacial cultivates an airy, tranquil atmosphere that coordinates perfectly to establish a unified and calm visual flow across any light-filled space.","1/4"" | 1/8"" | 1/16""","F5920","Cyberspace","1","percentages sum to 96"
"Glacial","FB-940","glacial","Capturing the serene colors of a quiet winter morning, this selection layers misty grays and crisp whites with a whisper of muted blue. Glacial cultivates an airy, tranquil atmosphere that coordinates perfectly to establish a unified and calm visual flow across any light-filled space.","1/4"" | 1/8"" | 1/16""","F1415","Graphite","1","percentages sum to 96"
"Birch Bark","FB-1005","birch-bark","Inspired by organic woodland elements, Birch Bark synthesizes earthy browns, grays, whites, and subtle blues to establish a welcoming, grounded presence. The natural color family integrates effortlessly to soften a space filled with warm neutrals, off-whites, and forest greens.","1/4"" | 1/8"" | 1/16""","F1820","White","75",""
"Birch Bark","FB-1005","birch-bark","Inspired by organic woodland elements, Birch Bark synthesizes earthy browns, grays, whites, and subtle blues to establish a welcoming, grounded presence. The natural color family integrates effortlessly to soften a space filled with warm neutrals, off-whites, and forest greens.","1/4"" | 1/8"" | 1/16""","F9951","Plum","10",""
"Birch Bark","FB-1005","birch-bark","Inspired by organic woodland elements, Birch Bark synthesizes earthy browns, grays, whites, and subtle blues to establish a welcoming, grounded presence. The natural color family integrates effortlessly to soften a space filled with warm neutrals, off-whites, and forest greens.","1/4"" | 1/8"" | 1/16""","F9960","Navajo Beige","10",""
"Birch Bark","FB-1005","birch-bark","Inspired by organic woodland elements, Birch Bark synthesizes earthy browns, grays, whites, and subtle blues to establish a welcoming, grounded presence. The natural color family integrates effortlessly to soften a space filled with warm neutrals, off-whites, and forest greens.","1/4"" | 1/8"" | 1/16""","F9987","Stone","5",""
"Victorian","FB-818","victorian","This highly artistic blend gracefully weaves together warm browns, stone grays, and crisp whites, accented by playful hints of orange and soft pink. Victorian introduces a warm, welcoming atmosphere that fills a space with an intriguing and sophisticated mood.","1/4"" | 1/8"" | 1/16""","F1060","Brown","1",""
"Victorian","FB-818","victorian","This highly artistic blend gracefully weaves together warm browns, stone grays, and crisp whites, accented by playful hints of orange and soft pink. Victorian introduces a warm, welcoming atmosphere that fills a space with an intriguing and sophisticated mood.","1/4"" | 1/8"" | 1/16""","F1640","Patio Red","1",""
"Victorian","FB-818","victorian","This highly artistic blend gracefully weaves together warm browns, stone grays, and crisp whites, accented by playful hints of orange and soft pink. Victorian introduces a warm, welcoming atmosphere that fills a space with an intriguing and sophisticated mood.","1/4"" | 1/8"" | 1/16""","F1770","Salmon","1",""
"Victorian","FB-818","victorian","This highly artistic blend gracefully weaves together warm browns, stone grays, and crisp whites, accented by playful hints of orange and soft pink. Victorian introduces a warm, welcoming atmosphere that fills a space with an intriguing and sophisticated mood.","1/4"" | 1/8"" | 1/16""","F1780","Scone","1",""
"Victorian","FB-818","victorian","This highly artistic blend gracefully weaves together warm browns, stone grays, and crisp whites, accented by playful hints of orange and soft pink. Victorian introduces a warm, welcoming atmosphere that fills a space with an intriguing and sophisticated mood.","1/4"" | 1/8"" | 1/16""","F1820","White","55",""
"Victorian","FB-818","victorian","This highly artistic blend gracefully weaves together warm browns, stone grays, and crisp whites, accented by playful hints of orange and soft pink. Victorian introduces a warm, welcoming atmosphere that fills a space with an intriguing and sophisticated mood.","1/4"" | 1/8"" | 1/16""","F6606","Neutral Gray","5",""
"Victorian","FB-818","victorian","This highly artistic blend gracefully weaves together warm browns, stone grays, and crisp whites, accented by playful hints of orange and soft pink. Victorian introduces a warm, welcoming atmosphere that fills a space with an intriguing and sophisticated mood.","1/4"" | 1/8"" | 1/16""","F9806","Chiffon","10",""
"Victorian","FB-818","victorian","This highly artistic blend gracefully weaves together warm browns, stone grays, and crisp whites, accented by playful hints of orange and soft pink. Victorian introduces a warm, welcoming atmosphere that fills a space with an intriguing and sophisticated mood.","1/4"" | 1/8"" | 1/16""","F9959","Antique White","26",""
"Colonial","FB-817","colonial","Drawing inspiration from timeless coastal design, this blend introduces a sophisticated mix of traditional brown, gray, and white, accented by cool blue tones. Colonial crafts a clean, refreshing atmosphere that pairs wonderfully to balance nautical navy, antiqued brass tones, and crisp linen hues.","1/4"" | 1/8"" | 1/16""","F1000","Adobe Beige","5",""
"Colonial","FB-817","colonial","Drawing inspiration from timeless coastal design, this blend introduces a sophisticated mix of traditional brown, gray, and white, accented by cool blue tones. Colonial crafts a clean, refreshing atmosphere that pairs wonderfully to balance nautical navy, antiqued brass tones, and crisp linen hues.","1/4"" | 1/8"" | 1/16""","F1820","White","86",""
"Colonial","FB-817","colonial","Drawing inspiration from timeless coastal design, this blend introduces a sophisticated mix of traditional brown, gray, and white, accented by cool blue tones. Colonial crafts a clean, refreshing atmosphere that pairs wonderfully to balance nautical navy, antiqued brass tones, and crisp linen hues.","1/4"" | 1/8"" | 1/16""","F5920","Cyberspace","2",""
"Colonial","FB-817","colonial","Drawing inspiration from timeless coastal design, this blend introduces a sophisticated mix of traditional brown, gray, and white, accented by cool blue tones. Colonial crafts a clean, refreshing atmosphere that pairs wonderfully to balance nautical navy, antiqued brass tones, and crisp linen hues.","1/4"" | 1/8"" | 1/16""","F9957","Taupe","4",""
"Colonial","FB-817","colonial","Drawing inspiration from timeless coastal design, this blend introduces a sophisticated mix of traditional brown, gray, and white, accented by cool blue tones. Colonial crafts a clean, refreshing atmosphere that pairs wonderfully to balance nautical navy, antiqued brass tones, and crisp linen hues.","1/4"" | 1/8"" | 1/16""","F9959","Antique White","1",""
"Colonial","FB-817","colonial","Drawing inspiration from timeless coastal design, this blend introduces a sophisticated mix of traditional brown, gray, and white, accented by cool blue tones. Colonial crafts a clean, refreshing atmosphere that pairs wonderfully to balance nautical navy, antiqued brass tones, and crisp linen hues.","1/4"" | 1/8"" | 1/16""","F5117","Acorn","2",""
"Suave","FB-920","suave","This classic looking blend juxtaposes deep charcoal black and stark white against a balancing field of elegant grays. Suave fosters a clean, dignified atmosphere that serves as a pristine backdrop.","1/4"" | 1/8"" | 1/16""","F1820","White","60",""
"Suave","FB-920","suave","This classic looking blend juxtaposes deep charcoal black and stark white against a balancing field of elegant grays. Suave fosters a clean, dignified atmosphere that serves as a pristine backdrop.","1/4"" | 1/8"" | 1/16""","F9965","Lavender","20",""
"Suave","FB-920","suave","This classic looking blend juxtaposes deep charcoal black and stark white against a balancing field of elegant grays. Suave fosters a clean, dignified atmosphere that serves as a pristine backdrop.","1/4"" | 1/8"" | 1/16""","F1800","Whisper Gray","5",""
"Suave","FB-920","suave","This classic looking blend juxtaposes deep charcoal black and stark white against a balancing field of elegant grays. Suave fosters a clean, dignified atmosphere that serves as a pristine backdrop.","1/4"" | 1/8"" | 1/16""","F1050","Black","5",""
"Suave","FB-920","suave","This classic looking blend juxtaposes deep charcoal black and stark white against a balancing field of elegant grays. Suave fosters a clean, dignified atmosphere that serves as a pristine backdrop.","1/4"" | 1/8"" | 1/16""","F5920","Cyberspace","5",""
"Suave","FB-920","suave","This classic looking blend juxtaposes deep charcoal black and stark white against a balancing field of elegant grays. Suave fosters a clean, dignified atmosphere that serves as a pristine backdrop.","1/4"" | 1/8"" | 1/16""","F2563","Rhino Gray","5",""
"Cannoli","FB-130","cannoli","Inspired by a warm, confectionery palette, this welcoming blend incorporates rich brown, sweet white, vibrant orange, and golden yellow tones. Cannoli pairs naturally to lift a space with warm terracottas, cream backdrops, and sunny, optimistic room moods.","1/4"" | 1/8"" | 1/16""","F1425","Ivory","30",""
"Cannoli","FB-130","cannoli","Inspired by a warm, confectionery palette, this welcoming blend incorporates rich brown, sweet white, vibrant orange, and golden yellow tones. Cannoli pairs naturally to lift a space with warm terracottas, cream backdrops, and sunny, optimistic room moods.","1/4"" | 1/8"" | 1/16""","F1770","Salmon","10",""
"Cannoli","FB-130","cannoli","Inspired by a warm, confectionery palette, this welcoming blend incorporates rich brown, sweet white, vibrant orange, and golden yellow tones. Cannoli pairs naturally to lift a space with warm terracottas, cream backdrops, and sunny, optimistic room moods.","1/4"" | 1/8"" | 1/16""","F1780","Scone","30",""
"Cannoli","FB-130","cannoli","Inspired by a warm, confectionery palette, this welcoming blend incorporates rich brown, sweet white, vibrant orange, and golden yellow tones. Cannoli pairs naturally to lift a space with warm terracottas, cream backdrops, and sunny, optimistic room moods.","1/4"" | 1/8"" | 1/16""","F1820","White","30",""
"Sea Crest","FB-803","sea-crest","This clean composition infuses cool stone grays and whites with lively moss green tones to create an engaging, organic look. Sea Crest serves as a beautiful natural anchor.","1/4"" | 1/8"" | 1/16""","F1430","Jasper","10",""
"Sea Crest","FB-803","sea-crest","This clean composition infuses cool stone grays and whites with lively moss green tones to create an engaging, organic look. Sea Crest serves as a beautiful natural anchor.","1/4"" | 1/8"" | 1/16""","F1820","White","20",""
"Sea Crest","FB-803","sea-crest","This clean composition infuses cool stone grays and whites with lively moss green tones to create an engaging, organic look. Sea Crest serves as a beautiful natural anchor.","1/4"" | 1/8"" | 1/16""","F9903","Online","20",""
"Sea Crest","FB-803","sea-crest","This clean composition infuses cool stone grays and whites with lively moss green tones to create an engaging, organic look. Sea Crest serves as a beautiful natural anchor.","1/4"" | 1/8"" | 1/16""","F9956","Khaki","10",""
"Sea Crest","FB-803","sea-crest","This clean composition infuses cool stone grays and whites with lively moss green tones to create an engaging, organic look. Sea Crest serves as a beautiful natural anchor.","1/4"" | 1/8"" | 1/16""","F9958","Alpaca White","20",""
"Sea Crest","FB-803","sea-crest","This clean composition infuses cool stone grays and whites with lively moss green tones to create an engaging, organic look. Sea Crest serves as a beautiful natural anchor.","1/4"" | 1/8"" | 1/16""","F9959","Antique White","20",""
"Caraway","FB-939","caraway","Reminiscent of a quiet, frosted woodland, this selection seamlessly layers cool neutral grays and crisp whites into a muted brown foundation. Caraway fosters a serene, balanced atmosphere that harmonizes naturally to create a unified and tranquil flow across a space.","1/4"" | 1/8"" | 1/16""","F9320","Soapstone","77",""
"Caraway","FB-939","caraway","Reminiscent of a quiet, frosted woodland, this selection seamlessly layers cool neutral grays and crisp whites into a muted brown foundation. Caraway fosters a serene, balanced atmosphere that harmonizes naturally to create a unified and tranquil flow across a space.","1/4"" | 1/8"" | 1/16""","F9317","Metapelite","20",""
"Caraway","FB-939","caraway","Reminiscent of a quiet, frosted woodland, this selection seamlessly layers cool neutral grays and crisp whites into a muted brown foundation. Caraway fosters a serene, balanced atmosphere that harmonizes naturally to create a unified and tranquil flow across a space.","1/4"" | 1/8"" | 1/16""","F5201","Moonshine","3",""
"Capricorn","FB-918","capricorn","Inspired by misty coastal mornings, this blend harmonizes crisp white and soft gray tones to create a serene and balanced atmosphere. Capricorn&#039;s understated palette acts as a versatile canvas that pairs effortlessly to calm cool blues, muted pastels, and clean neutral environments.","1/4"" | 1/8"" | 1/16""","F9320","Soapstone","90",""
"Capricorn","FB-918","capricorn","Inspired by misty coastal mornings, this blend harmonizes crisp white and soft gray tones to create a serene and balanced atmosphere. Capricorn&#039;s understated palette acts as a versatile canvas that pairs effortlessly to calm cool blues, muted pastels, and clean neutral environments.","1/4"" | 1/8"" | 1/16""","F5201","Moonshine","4",""
"Capricorn","FB-918","capricorn","Inspired by misty coastal mornings, this blend harmonizes crisp white and soft gray tones to create a serene and balanced atmosphere. Capricorn&#039;s understated palette acts as a versatile canvas that pairs effortlessly to calm cool blues, muted pastels, and clean neutral environments.","1/4"" | 1/8"" | 1/16""","F5182","Space Gray","3",""
"Capricorn","FB-918","capricorn","Inspired by misty coastal mornings, this blend harmonizes crisp white and soft gray tones to create a serene and balanced atmosphere. Capricorn&#039;s understated palette acts as a versatile canvas that pairs effortlessly to calm cool blues, muted pastels, and clean neutral environments.","1/4"" | 1/8"" | 1/16""","F2563","Rhino Gray","3",""
"Aviator","FB-928","aviator","This welcoming, grounded blend unites white, red, earthy brown, and sky blue tones for a highly captivating visual dimension. The spirited color combination of Aviator, plays beautifully to elevate the mood of both neutral and bold environments.","1/4"" | 1/8"" | 1/16""","F9959","Antique White","64",""
"Aviator","FB-928","aviator","This welcoming, grounded blend unites white, red, earthy brown, and sky blue tones for a highly captivating visual dimension. The spirited color combination of Aviator, plays beautifully to elevate the mood of both neutral and bold environments.","1/4"" | 1/8"" | 1/16""","F7551","Terra Cotta","1",""
"Aviator","FB-928","aviator","This welcoming, grounded blend unites white, red, earthy brown, and sky blue tones for a highly captivating visual dimension. The spirited color combination of Aviator, plays beautifully to elevate the mood of both neutral and bold environments.","1/4"" | 1/8"" | 1/16""","F1100","Cocoa Brown","2",""
"Aviator","FB-928","aviator","This welcoming, grounded blend unites white, red, earthy brown, and sky blue tones for a highly captivating visual dimension. The spirited color combination of Aviator, plays beautifully to elevate the mood of both neutral and bold environments.","1/4"" | 1/8"" | 1/16""","F9975","Raisin","2",""
"Aviator","FB-928","aviator","This welcoming, grounded blend unites white, red, earthy brown, and sky blue tones for a highly captivating visual dimension. The spirited color combination of Aviator, plays beautifully to elevate the mood of both neutral and bold environments.","1/4"" | 1/8"" | 1/16""","F5920","Cyberspace","1",""
"Aviator","FB-928","aviator","This welcoming, grounded blend unites white, red, earthy brown, and sky blue tones for a highly captivating visual dimension. The spirited color combination of Aviator, plays beautifully to elevate the mood of both neutral and bold environments.","1/4"" | 1/8"" | 1/16""","F9958","Alpaca White","30",""
"Schist","F9307","schist","Schist takes its name from the foliated metamorphic rock — a light, muted cool neutral that moves through white and soft gray with the quiet, mineral variation of layered stone. DISCLAIMER: TORGINOL® Marble Flake and Varicolored Flake may vary slightly from lot-to-lot due to inherent limitations in the manufacturing process. To ensure optimal color consistency when using multiple lots, variegated colors should be intermixed prior to use.","1/4"" | 1/8"" | 1/16""","","","","No Made Up Of section found on page"
"Cardamom","FB-935","cardamom","Capturing the gentle essence of sun-baked horizons, this palette features an inviting wash of light, warm neutrals and softly muted tones. Cardamom cultivates a cozy, comforting atmosphere that breathes an airy, open, and fluid energy throughout an entire environment.","1/4"" | 1/8"" | 1/16""","F9320","Soapstone","90",""
"Cardamom","FB-935","cardamom","Capturing the gentle essence of sun-baked horizons, this palette features an inviting wash of light, warm neutrals and softly muted tones. Cardamom cultivates a cozy, comforting atmosphere that breathes an airy, open, and fluid energy throughout an entire environment.","1/4"" | 1/8"" | 1/16""","F9957","Taupe","4",""
"Cardamom","FB-935","cardamom","Capturing the gentle essence of sun-baked horizons, this palette features an inviting wash of light, warm neutrals and softly muted tones. Cardamom cultivates a cozy, comforting atmosphere that breathes an airy, open, and fluid energy throughout an entire environment.","1/4"" | 1/8"" | 1/16""","F6601","Buff","3",""
"Cardamom","FB-935","cardamom","Capturing the gentle essence of sun-baked horizons, this palette features an inviting wash of light, warm neutrals and softly muted tones. Cardamom cultivates a cozy, comforting atmosphere that breathes an airy, open, and fluid energy throughout an entire environment.","1/4"" | 1/8"" | 1/16""","F1600","Olive","3",""
"Soapstone","F9320","soapstone","Capturing the gentle essence of sun-baked linen, this palette features an inviting wash of light, warm whites and softly muted neutrals. Soapstone cultivates a cozy, comforting atmosphere that breathes an airy, open, and fluid energy throughout an entire environment.","1/4"" | 1/8"" | 1/16""","","","","No Made Up Of section found on page"
"Sprout","FB-938","sprout","Capturing the tranquility of a misty spring morning, this blend layers clean white and stone grays with refreshing botanical green tones. Sprout cultivates an airy, tranquil atmosphere.","1/4"" | 1/8"" | 1/16""","F1820","White","67","percentages sum to 102"
"Sprout","FB-938","sprout","Capturing the tranquility of a misty spring morning, this blend layers clean white and stone grays with refreshing botanical green tones. Sprout cultivates an airy, tranquil atmosphere.","1/4"" | 1/8"" | 1/16""","F1800","Whisper Gray","20","percentages sum to 102"
"Sprout","FB-938","sprout","Capturing the tranquility of a misty spring morning, this blend layers clean white and stone grays with refreshing botanical green tones. Sprout cultivates an airy, tranquil atmosphere.","1/4"" | 1/8"" | 1/16""","F9961","Functional Gray","5","percentages sum to 102"
"Sprout","FB-938","sprout","Capturing the tranquility of a misty spring morning, this blend layers clean white and stone grays with refreshing botanical green tones. Sprout cultivates an airy, tranquil atmosphere.","1/4"" | 1/8"" | 1/16""","F1420","Hunter Green","5","percentages sum to 102"
"Sprout","FB-938","sprout","Capturing the tranquility of a misty spring morning, this blend layers clean white and stone grays with refreshing botanical green tones. Sprout cultivates an airy, tranquil atmosphere.","1/4"" | 1/8"" | 1/16""","F5910","JD Green","2","percentages sum to 102"
"Sprout","FB-938","sprout","Capturing the tranquility of a misty spring morning, this blend layers clean white and stone grays with refreshing botanical green tones. Sprout cultivates an airy, tranquil atmosphere.","1/4"" | 1/8"" | 1/16""","F1160","Dove Gray","3","percentages sum to 102"
"Slalom","FB-937","slalom","This multi-toned formulation layers sophisticated stone grays and crisp whites with an adventurous mix of earth browns and vibrant orange accents. The resulting palette in Slalom, offers an engaging, modern aesthetic.","1/4"" | 1/8"" | 1/16""","F1820","White","65",""
"Slalom","FB-937","slalom","This multi-toned formulation layers sophisticated stone grays and crisp whites with an adventurous mix of earth browns and vibrant orange accents. The resulting palette in Slalom, offers an engaging, modern aesthetic.","1/4"" | 1/8"" | 1/16""","F1800","Whisper Gray","20",""
"Slalom","FB-937","slalom","This multi-toned formulation layers sophisticated stone grays and crisp whites with an adventurous mix of earth browns and vibrant orange accents. The resulting palette in Slalom, offers an engaging, modern aesthetic.","1/4"" | 1/8"" | 1/16""","F1570","Mustard","3",""
"Slalom","FB-937","slalom","This multi-toned formulation layers sophisticated stone grays and crisp whites with an adventurous mix of earth browns and vibrant orange accents. The resulting palette in Slalom, offers an engaging, modern aesthetic.","1/4"" | 1/8"" | 1/16""","F2160","Orange","2",""
"Slalom","FB-937","slalom","This multi-toned formulation layers sophisticated stone grays and crisp whites with an adventurous mix of earth browns and vibrant orange accents. The resulting palette in Slalom, offers an engaging, modern aesthetic.","1/4"" | 1/8"" | 1/16""","F1480","Medium Gray","5",""
"Slalom","FB-937","slalom","This multi-toned formulation layers sophisticated stone grays and crisp whites with an adventurous mix of earth browns and vibrant orange accents. The resulting palette in Slalom, offers an engaging, modern aesthetic.","1/4"" | 1/8"" | 1/16""","F9957","Taupe","5",""
"Juniper","FB-927","juniper","Juniper draws from the cool, muted palette of an evergreen forest — silvery gray-green at its core with quiet hints of plum and deep blue, like the shadowed branches of a juniper at dusk.","1/4"" | 1/8"" | 1/16""","F9320","Soapstone","90",""
"Juniper","FB-927","juniper","Juniper draws from the cool, muted palette of an evergreen forest — silvery gray-green at its core with quiet hints of plum and deep blue, like the shadowed branches of a juniper at dusk.","1/4"" | 1/8"" | 1/16""","F2510","Purple Gray","4",""
"Juniper","FB-927","juniper","Juniper draws from the cool, muted palette of an evergreen forest — silvery gray-green at its core with quiet hints of plum and deep blue, like the shadowed branches of a juniper at dusk.","1/4"" | 1/8"" | 1/16""","F9951","Plum","3",""
"Juniper","FB-927","juniper","Juniper draws from the cool, muted palette of an evergreen forest — silvery gray-green at its core with quiet hints of plum and deep blue, like the shadowed branches of a juniper at dusk.","1/4"" | 1/8"" | 1/16""","F5920","Cyberspace","3",""
"Mercury","FB-936","mercury","Reminiscent of sun-bleached landscapes and natural clay, this airy white blend is highlighted by warm rust and earthy brown tones to provide a comforting, sun-kissed atmosphere. The welcoming palette of Mercury serves as a flawless companion to balance ambient light and bring an organic, open mood across a space.","1/4"" | 1/8"" | 1/16""","F9320","Soapstone","90","percentages sum to 101"
"Mercury","FB-936","mercury","Reminiscent of sun-bleached landscapes and natural clay, this airy white blend is highlighted by warm rust and earthy brown tones to provide a comforting, sun-kissed atmosphere. The welcoming palette of Mercury serves as a flawless companion to balance ambient light and bring an organic, open mood across a space.","1/4"" | 1/8"" | 1/16""","F1045","Beige","4","percentages sum to 101"
"Mercury","FB-936","mercury","Reminiscent of sun-bleached landscapes and natural clay, this airy white blend is highlighted by warm rust and earthy brown tones to provide a comforting, sun-kissed atmosphere. The welcoming palette of Mercury serves as a flawless companion to balance ambient light and bring an organic, open mood across a space.","1/4"" | 1/8"" | 1/16""","F1770","Salmon","3","percentages sum to 101"
"Mercury","FB-936","mercury","Reminiscent of sun-bleached landscapes and natural clay, this airy white blend is highlighted by warm rust and earthy brown tones to provide a comforting, sun-kissed atmosphere. The welcoming palette of Mercury serves as a flawless companion to balance ambient light and bring an organic, open mood across a space.","1/4"" | 1/8"" | 1/16""","F6607","Clay","4","percentages sum to 101"
"Swan","FB-612","swan","Inspired by quiet woodland floors, this clean composition balances soft bark browns and misty gray tones with crisp white highlights. Swan creates a serene, grounded atmosphere that introduces a sense of peaceful isolation and quiet luxury into a space.","1/4"" | 1/8"" | 1/16""","F1820","White","30",""
"Swan","FB-612","swan","Inspired by quiet woodland floors, this clean composition balances soft bark browns and misty gray tones with crisp white highlights. Swan creates a serene, grounded atmosphere that introduces a sense of peaceful isolation and quiet luxury into a space.","1/4"" | 1/8"" | 1/16""","F9956","Khaki","30",""
"Swan","FB-612","swan","Inspired by quiet woodland floors, this clean composition balances soft bark browns and misty gray tones with crisp white highlights. Swan creates a serene, grounded atmosphere that introduces a sense of peaceful isolation and quiet luxury into a space.","1/4"" | 1/8"" | 1/16""","F9957","Taupe","10",""
"Swan","FB-612","swan","Inspired by quiet woodland floors, this clean composition balances soft bark browns and misty gray tones with crisp white highlights. Swan creates a serene, grounded atmosphere that introduces a sense of peaceful isolation and quiet luxury into a space.","1/4"" | 1/8"" | 1/16""","F9959","Antique White","30",""
"Woven","FB-919","woven","This comforting palette relies on an organic family of rich browns, misty grays, and clean white highlights to deliver an instantly welcoming presence. Woven fosters a cozy, comforting atmosphere that introduces a unified and tranquil flow across a space.","1/4"" | 1/8"" | 1/16""","F9959","Antique White","60",""
"Woven","FB-919","woven","This comforting palette relies on an organic family of rich browns, misty grays, and clean white highlights to deliver an instantly welcoming presence. Woven fosters a cozy, comforting atmosphere that introduces a unified and tranquil flow across a space.","1/4"" | 1/8"" | 1/16""","F9986","Eggshell","20",""
"Woven","FB-919","woven","This comforting palette relies on an organic family of rich browns, misty grays, and clean white highlights to deliver an instantly welcoming presence. Woven fosters a cozy, comforting atmosphere that introduces a unified and tranquil flow across a space.","1/4"" | 1/8"" | 1/16""","F9961","Functional Gray","5",""
"Woven","FB-919","woven","This comforting palette relies on an organic family of rich browns, misty grays, and clean white highlights to deliver an instantly welcoming presence. Woven fosters a cozy, comforting atmosphere that introduces a unified and tranquil flow across a space.","1/4"" | 1/8"" | 1/16""","F5115","Putty","5",""
"Woven","FB-919","woven","This comforting palette relies on an organic family of rich browns, misty grays, and clean white highlights to deliver an instantly welcoming presence. Woven fosters a cozy, comforting atmosphere that introduces a unified and tranquil flow across a space.","1/4"" | 1/8"" | 1/16""","F9800","Sommelier","5",""
"Woven","FB-919","woven","This comforting palette relies on an organic family of rich browns, misty grays, and clean white highlights to deliver an instantly welcoming presence. Woven fosters a cozy, comforting atmosphere that introduces a unified and tranquil flow across a space.","1/4"" | 1/8"" | 1/16""","F5201","Moonshine","5",""
"Moon Mist","FB-906","moon-mist","Evoking the soft elegance of a foggy night sky, this clean blend gracefully distributes delicate grays and pure white tones. Moon Mist brings a calm, serene atmosphere to any room.","1/4"" | 1/8"" | 1/16""","F1800","Whisper Gray","20",""
"Moon Mist","FB-906","moon-mist","Evoking the soft elegance of a foggy night sky, this clean blend gracefully distributes delicate grays and pure white tones. Moon Mist brings a calm, serene atmosphere to any room.","1/4"" | 1/8"" | 1/16""","F1820","White","20",""
"Moon Mist","FB-906","moon-mist","Evoking the soft elegance of a foggy night sky, this clean blend gracefully distributes delicate grays and pure white tones. Moon Mist brings a calm, serene atmosphere to any room.","1/4"" | 1/8"" | 1/16""","F9903","Online","20",""
"Moon Mist","FB-906","moon-mist","Evoking the soft elegance of a foggy night sky, this clean blend gracefully distributes delicate grays and pure white tones. Moon Mist brings a calm, serene atmosphere to any room.","1/4"" | 1/8"" | 1/16""","F9958","Alpaca White","20",""
"Moon Mist","FB-906","moon-mist","Evoking the soft elegance of a foggy night sky, this clean blend gracefully distributes delicate grays and pure white tones. Moon Mist brings a calm, serene atmosphere to any room.","1/4"" | 1/8"" | 1/16""","F9959","Antique White","20",""
"Bramble","FB-941","bramble","Cultivating a welcoming and grounded atmosphere, Bramble harmonizes snowy white, misty gray, and mauve tones. The rich palette integrates beautifully to add visual weight and warmth to deep maroon, charcoal, or cream-colored spaces.","1/4"" | 1/8"" | 1/16""","F9958","Alpaca White","60",""
"Bramble","FB-941","bramble","Cultivating a welcoming and grounded atmosphere, Bramble harmonizes snowy white, misty gray, and mauve tones. The rich palette integrates beautifully to add visual weight and warmth to deep maroon, charcoal, or cream-colored spaces.","1/4"" | 1/8"" | 1/16""","F9959","Antique White","20",""
"Bramble","FB-941","bramble","Cultivating a welcoming and grounded atmosphere, Bramble harmonizes snowy white, misty gray, and mauve tones. The rich palette integrates beautifully to add visual weight and warmth to deep maroon, charcoal, or cream-colored spaces.","1/4"" | 1/8"" | 1/16""","F5201","Moonshine","5",""
"Bramble","FB-941","bramble","Cultivating a welcoming and grounded atmosphere, Bramble harmonizes snowy white, misty gray, and mauve tones. The rich palette integrates beautifully to add visual weight and warmth to deep maroon, charcoal, or cream-colored spaces.","1/4"" | 1/8"" | 1/16""","F9975","Raisin","5",""
"Bramble","FB-941","bramble","Cultivating a welcoming and grounded atmosphere, Bramble harmonizes snowy white, misty gray, and mauve tones. The rich palette integrates beautifully to add visual weight and warmth to deep maroon, charcoal, or cream-colored spaces.","1/4"" | 1/8"" | 1/16""","F9806","Chiffon","5",""
"Bramble","FB-941","bramble","Cultivating a welcoming and grounded atmosphere, Bramble harmonizes snowy white, misty gray, and mauve tones. The rich palette integrates beautifully to add visual weight and warmth to deep maroon, charcoal, or cream-colored spaces.","1/4"" | 1/8"" | 1/16""","F1410","Granite","5",""
"Water Lily","FB-921","water-lily","Inspired by tranquil botanical ponds, this fresh palette blends peaceful blues and organic greens with soft white and sun-drenched yellow accents. Water Lily sets a crisp, naturalist atmosphere that brings a sense of airy clarity and renewal to a space.","1/4"" | 1/8"" | 1/16""","F9903","Online","63",""
"Water Lily","FB-921","water-lily","Inspired by tranquil botanical ponds, this fresh palette blends peaceful blues and organic greens with soft white and sun-drenched yellow accents. Water Lily sets a crisp, naturalist atmosphere that brings a sense of airy clarity and renewal to a space.","1/4"" | 1/8"" | 1/16""","F1800","Whisper Gray","20",""
"Water Lily","FB-921","water-lily","Inspired by tranquil botanical ponds, this fresh palette blends peaceful blues and organic greens with soft white and sun-drenched yellow accents. Water Lily sets a crisp, naturalist atmosphere that brings a sense of airy clarity and renewal to a space.","1/4"" | 1/8"" | 1/16""","F5920","Cyberspace","5",""
"Water Lily","FB-921","water-lily","Inspired by tranquil botanical ponds, this fresh palette blends peaceful blues and organic greens with soft white and sun-drenched yellow accents. Water Lily sets a crisp, naturalist atmosphere that brings a sense of airy clarity and renewal to a space.","1/4"" | 1/8"" | 1/16""","F6613","Sage","5",""
"Water Lily","FB-921","water-lily","Inspired by tranquil botanical ponds, this fresh palette blends peaceful blues and organic greens with soft white and sun-drenched yellow accents. Water Lily sets a crisp, naturalist atmosphere that brings a sense of airy clarity and renewal to a space.","1/4"" | 1/8"" | 1/16""","F9966","Morning Fog","5",""
"Water Lily","FB-921","water-lily","Inspired by tranquil botanical ponds, this fresh palette blends peaceful blues and organic greens with soft white and sun-drenched yellow accents. Water Lily sets a crisp, naturalist atmosphere that brings a sense of airy clarity and renewal to a space.","1/4"" | 1/8"" | 1/16""","F1570","Mustard","2",""
"Stinger","FB-508","stinger","Like a brilliant streak across a heavy sky, this clean blend captures the eye with its stark white and deep gray tones, accented by a cosmic splash of yellow. Stinger infuses a space with a modern, energetic atmosphere.","1/4"" | 1/8"" | 1/16""","F1570","Mustard","6",""
"Stinger","FB-508","stinger","Like a brilliant streak across a heavy sky, this clean blend captures the eye with its stark white and deep gray tones, accented by a cosmic splash of yellow. Stinger infuses a space with a modern, energetic atmosphere.","1/4"" | 1/8"" | 1/16""","F1800","Whisper Gray","22",""
"Stinger","FB-508","stinger","Like a brilliant streak across a heavy sky, this clean blend captures the eye with its stark white and deep gray tones, accented by a cosmic splash of yellow. Stinger infuses a space with a modern, energetic atmosphere.","1/4"" | 1/8"" | 1/16""","F1820","White","22",""
"Stinger","FB-508","stinger","Like a brilliant streak across a heavy sky, this clean blend captures the eye with its stark white and deep gray tones, accented by a cosmic splash of yellow. Stinger infuses a space with a modern, energetic atmosphere.","1/4"" | 1/8"" | 1/16""","F9955","Battleship Gray","6",""
"Stinger","FB-508","stinger","Like a brilliant streak across a heavy sky, this clean blend captures the eye with its stark white and deep gray tones, accented by a cosmic splash of yellow. Stinger infuses a space with a modern, energetic atmosphere.","1/4"" | 1/8"" | 1/16""","F9956","Khaki","22",""
"Stinger","FB-508","stinger","Like a brilliant streak across a heavy sky, this clean blend captures the eye with its stark white and deep gray tones, accented by a cosmic splash of yellow. Stinger infuses a space with a modern, energetic atmosphere.","1/4"" | 1/8"" | 1/16""","F9959","Antique White","22",""
"Silver Bells","FB-903","silver-bells","Evoking the soft elegance of a winter morning, this clean blend gracefully distributes delicate grays and pure white tones. Silver Bells brings a calm, composed atmosphere to any setting.","1/4"" | 1/8"" | 1/16""","F1090","Charcoal","10",""
"Silver Bells","FB-903","silver-bells","Evoking the soft elegance of a winter morning, this clean blend gracefully distributes delicate grays and pure white tones. Silver Bells brings a calm, composed atmosphere to any setting.","1/4"" | 1/8"" | 1/16""","F1800","Whisper Gray","20",""
"Silver Bells","FB-903","silver-bells","Evoking the soft elegance of a winter morning, this clean blend gracefully distributes delicate grays and pure white tones. Silver Bells brings a calm, composed atmosphere to any setting.","1/4"" | 1/8"" | 1/16""","F1820","White","50",""
"Silver Bells","FB-903","silver-bells","Evoking the soft elegance of a winter morning, this clean blend gracefully distributes delicate grays and pure white tones. Silver Bells brings a calm, composed atmosphere to any setting.","1/4"" | 1/8"" | 1/16""","F9903","Online","20",""
"Trailmix","FB-613","trailmix","This highly balanced composition relies on a classic family of organic browns, misty grays, and clean white tones to establish a welcoming presence. Trailmix anchors a space with a cozy, comforting atmosphere that pairs naturally with other warm earth tones.","1/4"" | 1/8"" | 1/16""","F1000","Adobe Beige","10",""
"Trailmix","FB-613","trailmix","This highly balanced composition relies on a classic family of organic browns, misty grays, and clean white tones to establish a welcoming presence. Trailmix anchors a space with a cozy, comforting atmosphere that pairs naturally with other warm earth tones.","1/4"" | 1/8"" | 1/16""","F1820","White","25",""
"Trailmix","FB-613","trailmix","This highly balanced composition relies on a classic family of organic browns, misty grays, and clean white tones to establish a welcoming presence. Trailmix anchors a space with a cozy, comforting atmosphere that pairs naturally with other warm earth tones.","1/4"" | 1/8"" | 1/16""","F6601","Buff","20",""
"Trailmix","FB-613","trailmix","This highly balanced composition relies on a classic family of organic browns, misty grays, and clean white tones to establish a welcoming presence. Trailmix anchors a space with a cozy, comforting atmosphere that pairs naturally with other warm earth tones.","1/4"" | 1/8"" | 1/16""","F9957","Taupe","10",""
"Trailmix","FB-613","trailmix","This highly balanced composition relies on a classic family of organic browns, misty grays, and clean white tones to establish a welcoming presence. Trailmix anchors a space with a cozy, comforting atmosphere that pairs naturally with other warm earth tones.","1/4"" | 1/8"" | 1/16""","F9959","Antique White","25",""
"Trailmix","FB-613","trailmix","This highly balanced composition relies on a classic family of organic browns, misty grays, and clean white tones to establish a welcoming presence. Trailmix anchors a space with a cozy, comforting atmosphere that pairs naturally with other warm earth tones.","1/4"" | 1/8"" | 1/16""","F1160","Dove Gray","10",""
"Arkose","F9318","arkose","Named after the mineral-rich sandstone it references, Arkose moves through a soft, multi-toned pink — a warm, muted color with the honest, unpolished character of weathered feldspar. DISCLAIMER: TORGINOL® Marble Flake and Varicolored Flake may vary slightly from lot-to-lot due to inherent limitations in the manufacturing process. To ensure optimal color consistency when using multiple lots, variegated colors should be intermixed prior to use.","1/4"" | 1/8"" | 1/16""","","","","No Made Up Of section found on page"
"Submarine","FB-608","submarine","Balancing earthy soil browns and cool stone gray tones, Submarine delivers a clean aesthetic with a highly grounded presence.","1/4"" | 1/8"" | 1/16""","F1410","Granite","4",""
"Submarine","FB-608","submarine","Balancing earthy soil browns and cool stone gray tones, Submarine delivers a clean aesthetic with a highly grounded presence.","1/4"" | 1/8"" | 1/16""","F1820","White","18",""
"Submarine","FB-608","submarine","Balancing earthy soil browns and cool stone gray tones, Submarine delivers a clean aesthetic with a highly grounded presence.","1/4"" | 1/8"" | 1/16""","F9955","Battleship Gray","14",""
"Submarine","FB-608","submarine","Balancing earthy soil browns and cool stone gray tones, Submarine delivers a clean aesthetic with a highly grounded presence.","1/4"" | 1/8"" | 1/16""","F9956","Khaki","55",""
"Submarine","FB-608","submarine","Balancing earthy soil browns and cool stone gray tones, Submarine delivers a clean aesthetic with a highly grounded presence.","1/4"" | 1/8"" | 1/16""","F9957","Taupe","5",""
"Submarine","FB-608","submarine","Balancing earthy soil browns and cool stone gray tones, Submarine delivers a clean aesthetic with a highly grounded presence.","1/4"" | 1/8"" | 1/16""","F9958","Alpaca White","4",""
"Lunar","FB-904","lunar-2","Capturing the gentle radiance of moonlight, this clean blend pairs structural grays and crisp white tones to create a serene and balanced atmosphere. Lunar&#039;s understated palette acts as a versatile canvas that pairs effortlessly to unify cool-toned environments or clean neutral palettes.","1/4"" | 1/8"" | 1/16""","F1800","Whisper Gray","20",""
"Lunar","FB-904","lunar-2","Capturing the gentle radiance of moonlight, this clean blend pairs structural grays and crisp white tones to create a serene and balanced atmosphere. Lunar&#039;s understated palette acts as a versatile canvas that pairs effortlessly to unify cool-toned environments or clean neutral palettes.","1/4"" | 1/8"" | 1/16""","F1820","White","20",""
"Lunar","FB-904","lunar-2","Capturing the gentle radiance of moonlight, this clean blend pairs structural grays and crisp white tones to create a serene and balanced atmosphere. Lunar&#039;s understated palette acts as a versatile canvas that pairs effortlessly to unify cool-toned environments or clean neutral palettes.","1/4"" | 1/8"" | 1/16""","F6606","Neutral Gray","10",""
"Lunar","FB-904","lunar-2","Capturing the gentle radiance of moonlight, this clean blend pairs structural grays and crisp white tones to create a serene and balanced atmosphere. Lunar&#039;s understated palette acts as a versatile canvas that pairs effortlessly to unify cool-toned environments or clean neutral palettes.","1/4"" | 1/8"" | 1/16""","F9955","Battleship Gray","10",""
"Lunar","FB-904","lunar-2","Capturing the gentle radiance of moonlight, this clean blend pairs structural grays and crisp white tones to create a serene and balanced atmosphere. Lunar&#039;s understated palette acts as a versatile canvas that pairs effortlessly to unify cool-toned environments or clean neutral palettes.","1/4"" | 1/8"" | 1/16""","F9958","Alpaca White","20",""
"Lunar","FB-904","lunar-2","Capturing the gentle radiance of moonlight, this clean blend pairs structural grays and crisp white tones to create a serene and balanced atmosphere. Lunar&#039;s understated palette acts as a versatile canvas that pairs effortlessly to unify cool-toned environments or clean neutral palettes.","1/4"" | 1/8"" | 1/16""","F9959","Antique White","20",""
"Rocky Ridge","FB-801","rocky-ridge","Replicating the timeless look of natural cliff faces, this balanced blend layers rich timber browns, sophisticated grays, and clean white accents. Rocky Ridge establishes a robust, grounded presence.","1/4"" | 1/8"" | 1/16""","F1090","Charcoal","10",""
"Rocky Ridge","FB-801","rocky-ridge","Replicating the timeless look of natural cliff faces, this balanced blend layers rich timber browns, sophisticated grays, and clean white accents. Rocky Ridge establishes a robust, grounded presence.","1/4"" | 1/8"" | 1/16""","F1820","White","20",""
"Rocky Ridge","FB-801","rocky-ridge","Replicating the timeless look of natural cliff faces, this balanced blend layers rich timber browns, sophisticated grays, and clean white accents. Rocky Ridge establishes a robust, grounded presence.","1/4"" | 1/8"" | 1/16""","F9903","Online","20",""
"Rocky Ridge","FB-801","rocky-ridge","Replicating the timeless look of natural cliff faces, this balanced blend layers rich timber browns, sophisticated grays, and clean white accents. Rocky Ridge establishes a robust, grounded presence.","1/4"" | 1/8"" | 1/16""","F9957","Taupe","10",""
"Rocky Ridge","FB-801","rocky-ridge","Replicating the timeless look of natural cliff faces, this balanced blend layers rich timber browns, sophisticated grays, and clean white accents. Rocky Ridge establishes a robust, grounded presence.","1/4"" | 1/8"" | 1/16""","F9958","Alpaca White","20",""
"Rocky Ridge","FB-801","rocky-ridge","Replicating the timeless look of natural cliff faces, this balanced blend layers rich timber browns, sophisticated grays, and clean white accents. Rocky Ridge establishes a robust, grounded presence.","1/4"" | 1/8"" | 1/16""","F9959","Antique White","20",""
"Nordic Green","FB-514","nordic-green","Inspired by cool Scandinavian landscapes, this formulation layers earthy browns, slate grays, and whites with refreshing green and glacial blue accents. Nordic Green sets a crisp, modern atmosphere.","1/4"" | 1/8"" | 1/16""","F1820","White","20",""
"Nordic Green","FB-514","nordic-green","Inspired by cool Scandinavian landscapes, this formulation layers earthy browns, slate grays, and whites with refreshing green and glacial blue accents. Nordic Green sets a crisp, modern atmosphere.","1/4"" | 1/8"" | 1/16""","F5920","Cyberspace","5",""
"Nordic Green","FB-514","nordic-green","Inspired by cool Scandinavian landscapes, this formulation layers earthy browns, slate grays, and whites with refreshing green and glacial blue accents. Nordic Green sets a crisp, modern atmosphere.","1/4"" | 1/8"" | 1/16""","F9952","Aquamarine","5",""
"Nordic Green","FB-514","nordic-green","Inspired by cool Scandinavian landscapes, this formulation layers earthy browns, slate grays, and whites with refreshing green and glacial blue accents. Nordic Green sets a crisp, modern atmosphere.","1/4"" | 1/8"" | 1/16""","F9956","Khaki","20",""
"Nordic Green","FB-514","nordic-green","Inspired by cool Scandinavian landscapes, this formulation layers earthy browns, slate grays, and whites with refreshing green and glacial blue accents. Nordic Green sets a crisp, modern atmosphere.","1/4"" | 1/8"" | 1/16""","F9957","Taupe","20",""
"Nordic Green","FB-514","nordic-green","Inspired by cool Scandinavian landscapes, this formulation layers earthy browns, slate grays, and whites with refreshing green and glacial blue accents. Nordic Green sets a crisp, modern atmosphere.","1/4"" | 1/8"" | 1/16""","F9959","Antique White","20",""
"Nordic Green","FB-514","nordic-green","Inspired by cool Scandinavian landscapes, this formulation layers earthy browns, slate grays, and whites with refreshing green and glacial blue accents. Nordic Green sets a crisp, modern atmosphere.","1/4"" | 1/8"" | 1/16""","F9966","Morning Fog","10",""
"Snowfall","FB-602","snowfall","Mirroring a tranquil, snow-dusted clearing, this simple yet effective blend harmonizes clean stone grays with bright white accents. Snowfall creates a grounded, peaceful atmosphere.","1/4"" | 1/8"" | 1/16""","F1410","Granite","40",""
"Snowfall","FB-602","snowfall","Mirroring a tranquil, snow-dusted clearing, this simple yet effective blend harmonizes clean stone grays with bright white accents. Snowfall creates a grounded, peaceful atmosphere.","1/4"" | 1/8"" | 1/16""","F1415","Graphite","10",""
"Snowfall","FB-602","snowfall","Mirroring a tranquil, snow-dusted clearing, this simple yet effective blend harmonizes clean stone grays with bright white accents. Snowfall creates a grounded, peaceful atmosphere.","1/4"" | 1/8"" | 1/16""","F1820","White","50",""
"Sea Mist","FB-802","sea-mist","Capturing the serene colors of a quiet seaside morning, this blend layers misty grays and crisp whites with a refreshing whisper of blue. Sedum cultivates an airy, tranquil atmosphere.","1/4"" | 1/8"" | 1/16""","F1820","White","20",""
"Sea Mist","FB-802","sea-mist","Capturing the serene colors of a quiet seaside morning, this blend layers misty grays and crisp whites with a refreshing whisper of blue. Sedum cultivates an airy, tranquil atmosphere.","1/4"" | 1/8"" | 1/16""","F6621","Stormy Blue","10",""
"Sea Mist","FB-802","sea-mist","Capturing the serene colors of a quiet seaside morning, this blend layers misty grays and crisp whites with a refreshing whisper of blue. Sedum cultivates an airy, tranquil atmosphere.","1/4"" | 1/8"" | 1/16""","F9903","Online","20",""
"Sea Mist","FB-802","sea-mist","Capturing the serene colors of a quiet seaside morning, this blend layers misty grays and crisp whites with a refreshing whisper of blue. Sedum cultivates an airy, tranquil atmosphere.","1/4"" | 1/8"" | 1/16""","F9958","Alpaca White","20",""
"Sea Mist","FB-802","sea-mist","Capturing the serene colors of a quiet seaside morning, this blend layers misty grays and crisp whites with a refreshing whisper of blue. Sedum cultivates an airy, tranquil atmosphere.","1/4"" | 1/8"" | 1/16""","F9959","Antique White","20",""
"Sea Mist","FB-802","sea-mist","Capturing the serene colors of a quiet seaside morning, this blend layers misty grays and crisp whites with a refreshing whisper of blue. Sedum cultivates an airy, tranquil atmosphere.","1/4"" | 1/8"" | 1/16""","F9966","Morning Fog","10",""
"Tidal Wave","FB-807","tidal-wave","Reminiscent of cresting ocean waters, our classic crisp blend layers clean whites and river grays with refreshing blue tones. Tidal Wave establishes a calm, airy atmosphere that introduces a tranquil visual flow across a large space.","1/4"" | 1/8"" | 1/16""","F1820","White","20",""
"Tidal Wave","FB-807","tidal-wave","Reminiscent of cresting ocean waters, our classic crisp blend layers clean whites and river grays with refreshing blue tones. Tidal Wave establishes a calm, airy atmosphere that introduces a tranquil visual flow across a large space.","1/4"" | 1/8"" | 1/16""","F6621","Stormy Blue","10",""
"Tidal Wave","FB-807","tidal-wave","Reminiscent of cresting ocean waters, our classic crisp blend layers clean whites and river grays with refreshing blue tones. Tidal Wave establishes a calm, airy atmosphere that introduces a tranquil visual flow across a large space.","1/4"" | 1/8"" | 1/16""","F9903","Online","20",""
"Tidal Wave","FB-807","tidal-wave","Reminiscent of cresting ocean waters, our classic crisp blend layers clean whites and river grays with refreshing blue tones. Tidal Wave establishes a calm, airy atmosphere that introduces a tranquil visual flow across a large space.","1/4"" | 1/8"" | 1/16""","F9958","Alpaca White","20",""
"Tidal Wave","FB-807","tidal-wave","Reminiscent of cresting ocean waters, our classic crisp blend layers clean whites and river grays with refreshing blue tones. Tidal Wave establishes a calm, airy atmosphere that introduces a tranquil visual flow across a large space.","1/4"" | 1/8"" | 1/16""","F9959","Antique White","20",""
"Tidal Wave","FB-807","tidal-wave","Reminiscent of cresting ocean waters, our classic crisp blend layers clean whites and river grays with refreshing blue tones. Tidal Wave establishes a calm, airy atmosphere that introduces a tranquil visual flow across a large space.","1/4"" | 1/8"" | 1/16""","F9972","Moody Blue","10",""
"Arctic","FB-704","arctic","Arctic subtly introduces a playful spectrum of yellow, green, blue, purple, and pink alongside a clean gray and white base reminiscent of shifting northern lights. The resulting colors offer an engaging, modern palette that coordinates beautifully to shift the mood of both neutral and vibrant environments across a space.","1/4"" | 1/8"" | 1/16""","F1820","White","30",""
"Arctic","FB-704","arctic","Arctic subtly introduces a playful spectrum of yellow, green, blue, purple, and pink alongside a clean gray and white base reminiscent of shifting northern lights. The resulting colors offer an engaging, modern palette that coordinates beautifully to shift the mood of both neutral and vibrant environments across a space.","1/4"" | 1/8"" | 1/16""","F6613","Sage","2",""
"Arctic","FB-704","arctic","Arctic subtly introduces a playful spectrum of yellow, green, blue, purple, and pink alongside a clean gray and white base reminiscent of shifting northern lights. The resulting colors offer an engaging, modern palette that coordinates beautifully to shift the mood of both neutral and vibrant environments across a space.","1/4"" | 1/8"" | 1/16""","F6621","Stormy Blue","2",""
"Arctic","FB-704","arctic","Arctic subtly introduces a playful spectrum of yellow, green, blue, purple, and pink alongside a clean gray and white base reminiscent of shifting northern lights. The resulting colors offer an engaging, modern palette that coordinates beautifully to shift the mood of both neutral and vibrant environments across a space.","1/4"" | 1/8"" | 1/16""","F9800","Sommelier","30",""
"Arctic","FB-704","arctic","Arctic subtly introduces a playful spectrum of yellow, green, blue, purple, and pink alongside a clean gray and white base reminiscent of shifting northern lights. The resulting colors offer an engaging, modern palette that coordinates beautifully to shift the mood of both neutral and vibrant environments across a space.","1/4"" | 1/8"" | 1/16""","F9958","Alpaca White","30",""
"Arctic","FB-704","arctic","Arctic subtly introduces a playful spectrum of yellow, green, blue, purple, and pink alongside a clean gray and white base reminiscent of shifting northern lights. The resulting colors offer an engaging, modern palette that coordinates beautifully to shift the mood of both neutral and vibrant environments across a space.","1/4"" | 1/8"" | 1/16""","F1760","Rose","2",""
"Arctic","FB-704","arctic","Arctic subtly introduces a playful spectrum of yellow, green, blue, purple, and pink alongside a clean gray and white base reminiscent of shifting northern lights. The resulting colors offer an engaging, modern palette that coordinates beautifully to shift the mood of both neutral and vibrant environments across a space.","1/4"" | 1/8"" | 1/16""","F9909","Sugar Cookie","2",""
"Arctic","FB-704","arctic","Arctic subtly introduces a playful spectrum of yellow, green, blue, purple, and pink alongside a clean gray and white base reminiscent of shifting northern lights. The resulting colors offer an engaging, modern palette that coordinates beautifully to shift the mood of both neutral and vibrant environments across a space.","1/4"" | 1/8"" | 1/16""","F9989","Purple Haze","2",""
"Stony Creek","FB-806","stony-creek","This sophisticated blend combines rich timber brown, slate gray, and bright white accents for a striking visual contrast reminiscent of a sun-drenched riverbed. Stony Creek provides a confident, grounded atmosphere.","1/4"" | 1/8"" | 1/16""","F1820","White","20",""
"Stony Creek","FB-806","stony-creek","This sophisticated blend combines rich timber brown, slate gray, and bright white accents for a striking visual contrast reminiscent of a sun-drenched riverbed. Stony Creek provides a confident, grounded atmosphere.","1/4"" | 1/8"" | 1/16""","F9958","Alpaca White","20",""
"Stony Creek","FB-806","stony-creek","This sophisticated blend combines rich timber brown, slate gray, and bright white accents for a striking visual contrast reminiscent of a sun-drenched riverbed. Stony Creek provides a confident, grounded atmosphere.","1/4"" | 1/8"" | 1/16""","F6606","Neutral Gray","20",""
"Stony Creek","FB-806","stony-creek","This sophisticated blend combines rich timber brown, slate gray, and bright white accents for a striking visual contrast reminiscent of a sun-drenched riverbed. Stony Creek provides a confident, grounded atmosphere.","1/4"" | 1/8"" | 1/16""","F9957","Taupe","20",""
"Stony Creek","FB-806","stony-creek","This sophisticated blend combines rich timber brown, slate gray, and bright white accents for a striking visual contrast reminiscent of a sun-drenched riverbed. Stony Creek provides a confident, grounded atmosphere.","1/4"" | 1/8"" | 1/16""","F9961","Functional Gray","10",""
"Stony Creek","FB-806","stony-creek","This sophisticated blend combines rich timber brown, slate gray, and bright white accents for a striking visual contrast reminiscent of a sun-drenched riverbed. Stony Creek provides a confident, grounded atmosphere.","1/4"" | 1/8"" | 1/16""","F1090","Charcoal","10",""
"Morning Dew","FB-609","morning-dew","Capturing the tranquility of a misty meadow dawn, this blend interlaces gentle browns, river grays, and whites with whispers of botanical green and sky blue. Morning Dew offers a fresh, naturalist atmosphere.","1/4"" | 1/8"" | 1/16""","F1800","Whisper Gray","15",""
"Morning Dew","FB-609","morning-dew","Capturing the tranquility of a misty meadow dawn, this blend interlaces gentle browns, river grays, and whites with whispers of botanical green and sky blue. Morning Dew offers a fresh, naturalist atmosphere.","1/4"" | 1/8"" | 1/16""","F1820","White","20",""
"Morning Dew","FB-609","morning-dew","Capturing the tranquility of a misty meadow dawn, this blend interlaces gentle browns, river grays, and whites with whispers of botanical green and sky blue. Morning Dew offers a fresh, naturalist atmosphere.","1/4"" | 1/8"" | 1/16""","F9957","Taupe","40",""
"Morning Dew","FB-609","morning-dew","Capturing the tranquility of a misty meadow dawn, this blend interlaces gentle browns, river grays, and whites with whispers of botanical green and sky blue. Morning Dew offers a fresh, naturalist atmosphere.","1/4"" | 1/8"" | 1/16""","F9959","Antique White","15",""
"Morning Dew","FB-609","morning-dew","Capturing the tranquility of a misty meadow dawn, this blend interlaces gentle browns, river grays, and whites with whispers of botanical green and sky blue. Morning Dew offers a fresh, naturalist atmosphere.","1/4"" | 1/8"" | 1/16""","F9966","Morning Fog","6",""
"Morning Dew","FB-609","morning-dew","Capturing the tranquility of a misty meadow dawn, this blend interlaces gentle browns, river grays, and whites with whispers of botanical green and sky blue. Morning Dew offers a fresh, naturalist atmosphere.","1/4"" | 1/8"" | 1/16""","F9972","Moody Blue","4",""
"Magnolia","FB-942","magnolia","This complex, botanical-inspired blend weaves gentle pinks, cool grays, sky blues, and organic browns against a clean white canvas. Magnolia creates a refreshing, light-hearted atmosphere that harmonizes beautifully with pastel decor and canvas tones.","1/4"" | 1/8"" | 1/16""","F5201","Moonshine","91",""
"Magnolia","FB-942","magnolia","This complex, botanical-inspired blend weaves gentle pinks, cool grays, sky blues, and organic browns against a clean white canvas. Magnolia creates a refreshing, light-hearted atmosphere that harmonizes beautifully with pastel decor and canvas tones.","1/4"" | 1/8"" | 1/16""","F1415","Graphite","3",""
"Magnolia","FB-942","magnolia","This complex, botanical-inspired blend weaves gentle pinks, cool grays, sky blues, and organic browns against a clean white canvas. Magnolia creates a refreshing, light-hearted atmosphere that harmonizes beautifully with pastel decor and canvas tones.","1/4"" | 1/8"" | 1/16""","F1000","Adobe Beige","3",""
"Magnolia","FB-942","magnolia","This complex, botanical-inspired blend weaves gentle pinks, cool grays, sky blues, and organic browns against a clean white canvas. Magnolia creates a refreshing, light-hearted atmosphere that harmonizes beautifully with pastel decor and canvas tones.","1/4"" | 1/8"" | 1/16""","F9959","Antique White","3",""
"Stargazer","FB-908","stargazer","Replicating the gentle radiance of a clear night sky, this clean blend pairs structural grays and crisp white tones to create a serene and balanced atmosphere. Stargazer&#039;s understated palette acts as a versatile canvas.","1/4"" | 1/8"" | 1/16""","F1090","Charcoal","10",""
"Stargazer","FB-908","stargazer","Replicating the gentle radiance of a clear night sky, this clean blend pairs structural grays and crisp white tones to create a serene and balanced atmosphere. Stargazer&#039;s understated palette acts as a versatile canvas.","1/4"" | 1/8"" | 1/16""","F1800","Whisper Gray","35",""
"Stargazer","FB-908","stargazer","Replicating the gentle radiance of a clear night sky, this clean blend pairs structural grays and crisp white tones to create a serene and balanced atmosphere. Stargazer&#039;s understated palette acts as a versatile canvas.","1/4"" | 1/8"" | 1/16""","F1820","White","20",""
"Stargazer","FB-908","stargazer","Replicating the gentle radiance of a clear night sky, this clean blend pairs structural grays and crisp white tones to create a serene and balanced atmosphere. Stargazer&#039;s understated palette acts as a versatile canvas.","1/4"" | 1/8"" | 1/16""","F9903","Online","35",""
"Feather Gray","FB-905","feather-gray","Evoking the soft elegance of morning mist, this blend gracefully distributes delicate grays, pure white, and subtle black accents. Feather Gray brings a calm, composed atmosphere to any room, serving as a flawless backdrop for soft pastel environments or charcoal tones.","1/4"" | 1/8"" | 1/16""","F1050","Black","5",""
"Feather Gray","FB-905","feather-gray","Evoking the soft elegance of morning mist, this blend gracefully distributes delicate grays, pure white, and subtle black accents. Feather Gray brings a calm, composed atmosphere to any room, serving as a flawless backdrop for soft pastel environments or charcoal tones.","1/4"" | 1/8"" | 1/16""","F1800","Whisper Gray","5",""
"Feather Gray","FB-905","feather-gray","Evoking the soft elegance of morning mist, this blend gracefully distributes delicate grays, pure white, and subtle black accents. Feather Gray brings a calm, composed atmosphere to any room, serving as a flawless backdrop for soft pastel environments or charcoal tones.","1/4"" | 1/8"" | 1/16""","F1820","White","30",""
"Feather Gray","FB-905","feather-gray","Evoking the soft elegance of morning mist, this blend gracefully distributes delicate grays, pure white, and subtle black accents. Feather Gray brings a calm, composed atmosphere to any room, serving as a flawless backdrop for soft pastel environments or charcoal tones.","1/4"" | 1/8"" | 1/16""","F9903","Online","30",""
"Feather Gray","FB-905","feather-gray","Evoking the soft elegance of morning mist, this blend gracefully distributes delicate grays, pure white, and subtle black accents. Feather Gray brings a calm, composed atmosphere to any room, serving as a flawless backdrop for soft pastel environments or charcoal tones.","1/4"" | 1/8"" | 1/16""","F9958","Alpaca White","30",""
"Quicksilver","FB-424","quicksilver","This sophisticated blend combines rich bark browns, bold black, and slate gray, brightened by clean white accents for a striking visual contrast. Quicksilver provides a confident, grounded atmosphere.","1/4"" | 1/8"" | 1/16""","F1050","Black","10",""
"Quicksilver","FB-424","quicksilver","This sophisticated blend combines rich bark browns, bold black, and slate gray, brightened by clean white accents for a striking visual contrast. Quicksilver provides a confident, grounded atmosphere.","1/4"" | 1/8"" | 1/16""","F1410","Granite","20",""
"Quicksilver","FB-424","quicksilver","This sophisticated blend combines rich bark browns, bold black, and slate gray, brightened by clean white accents for a striking visual contrast. Quicksilver provides a confident, grounded atmosphere.","1/4"" | 1/8"" | 1/16""","F1820","White","60",""
"Quicksilver","FB-424","quicksilver","This sophisticated blend combines rich bark browns, bold black, and slate gray, brightened by clean white accents for a striking visual contrast. Quicksilver provides a confident, grounded atmosphere.","1/4"" | 1/8"" | 1/16""","F1160","Dove Gray","10",""
"Nimbus","FB-922","nimbus","This dreamy, light-toned palette blends soothing blue, misty gray, and clean white with subtle whispers of pink and brown. Reminiscent of drifting summer clouds, Nimbus delivers a peaceful, airy atmosphere that coordinates perfectly to lift light wood grains.","1/4"" | 1/8"" | 1/16""","F9966","Morning Fog","82",""
"Nimbus","FB-922","nimbus","This dreamy, light-toned palette blends soothing blue, misty gray, and clean white with subtle whispers of pink and brown. Reminiscent of drifting summer clouds, Nimbus delivers a peaceful, airy atmosphere that coordinates perfectly to lift light wood grains.","1/4"" | 1/8"" | 1/16""","F3080","Lanai Gray","4",""
"Nimbus","FB-922","nimbus","This dreamy, light-toned palette blends soothing blue, misty gray, and clean white with subtle whispers of pink and brown. Reminiscent of drifting summer clouds, Nimbus delivers a peaceful, airy atmosphere that coordinates perfectly to lift light wood grains.","1/4"" | 1/8"" | 1/16""","F9986","Eggshell","2",""
"Nimbus","FB-922","nimbus","This dreamy, light-toned palette blends soothing blue, misty gray, and clean white with subtle whispers of pink and brown. Reminiscent of drifting summer clouds, Nimbus delivers a peaceful, airy atmosphere that coordinates perfectly to lift light wood grains.","1/4"" | 1/8"" | 1/16""","F9806","Chiffon","1",""
"Nimbus","FB-922","nimbus","This dreamy, light-toned palette blends soothing blue, misty gray, and clean white with subtle whispers of pink and brown. Reminiscent of drifting summer clouds, Nimbus delivers a peaceful, airy atmosphere that coordinates perfectly to lift light wood grains.","1/4"" | 1/8"" | 1/16""","F1000","Adobe Beige","1",""
"Nimbus","FB-922","nimbus","This dreamy, light-toned palette blends soothing blue, misty gray, and clean white with subtle whispers of pink and brown. Reminiscent of drifting summer clouds, Nimbus delivers a peaceful, airy atmosphere that coordinates perfectly to lift light wood grains.","1/4"" | 1/8"" | 1/16""","F2563","Rhino Gray","10",""
"Blizzard","FB-6001","blizzard","Blizzard moves through a pale blue-gray with marbled complexity — a cool neutral with unexpected colorful range that captures the diffused, layered light of a winter sky. DISCLAIMER: TORGINOL® Marble Flake and Variecolored Flake may vary slightly from lot-to-lot due to inherent limitations in the manufacturing process. To ensure optimal color consistency when using multiple lots, variegated colors should be intermixed prior to use. FOR INDOOR USE ONLY","1/4"" | 1/8"" | 1/16""","F3100","Maui Blue","10",""
"Blizzard","FB-6001","blizzard","Blizzard moves through a pale blue-gray with marbled complexity — a cool neutral with unexpected colorful range that captures the diffused, layered light of a winter sky. DISCLAIMER: TORGINOL® Marble Flake and Variecolored Flake may vary slightly from lot-to-lot due to inherent limitations in the manufacturing process. To ensure optimal color consistency when using multiple lots, variegated colors should be intermixed prior to use. FOR INDOOR USE ONLY","1/4"" | 1/8"" | 1/16""","F9307","Schist","18",""
"Blizzard","FB-6001","blizzard","Blizzard moves through a pale blue-gray with marbled complexity — a cool neutral with unexpected colorful range that captures the diffused, layered light of a winter sky. DISCLAIMER: TORGINOL® Marble Flake and Variecolored Flake may vary slightly from lot-to-lot due to inherent limitations in the manufacturing process. To ensure optimal color consistency when using multiple lots, variegated colors should be intermixed prior to use. FOR INDOOR USE ONLY","1/4"" | 1/8"" | 1/16""","F9309","Basalt","72",""
"Prairie","FB-509","prairie","This complex, naturalist blend weaves together earthy browns, river grays, and pure whites, accented by lively pops of red and blue. Prairie creates an engaging visual rhythm that pairs naturally with incoming daylight to cultivate an open, organic, and dynamic environment.","1/4"" | 1/8"" | 1/16""","F1000","Adobe Beige","6",""
"Prairie","FB-509","prairie","This complex, naturalist blend weaves together earthy browns, river grays, and pure whites, accented by lively pops of red and blue. Prairie creates an engaging visual rhythm that pairs naturally with incoming daylight to cultivate an open, organic, and dynamic environment.","1/4"" | 1/8"" | 1/16""","F1820","White","17",""
"Prairie","FB-509","prairie","This complex, naturalist blend weaves together earthy browns, river grays, and pure whites, accented by lively pops of red and blue. Prairie creates an engaging visual rhythm that pairs naturally with incoming daylight to cultivate an open, organic, and dynamic environment.","1/4"" | 1/8"" | 1/16""","F9956","Khaki","16",""
"Prairie","FB-509","prairie","This complex, naturalist blend weaves together earthy browns, river grays, and pure whites, accented by lively pops of red and blue. Prairie creates an engaging visual rhythm that pairs naturally with incoming daylight to cultivate an open, organic, and dynamic environment.","1/4"" | 1/8"" | 1/16""","F9957","Taupe","16",""
"Prairie","FB-509","prairie","This complex, naturalist blend weaves together earthy browns, river grays, and pure whites, accented by lively pops of red and blue. Prairie creates an engaging visual rhythm that pairs naturally with incoming daylight to cultivate an open, organic, and dynamic environment.","1/4"" | 1/8"" | 1/16""","F9958","Alpaca White","17",""
"Prairie","FB-509","prairie","This complex, naturalist blend weaves together earthy browns, river grays, and pure whites, accented by lively pops of red and blue. Prairie creates an engaging visual rhythm that pairs naturally with incoming daylight to cultivate an open, organic, and dynamic environment.","1/4"" | 1/8"" | 1/16""","F9960","Navajo Beige","16",""
"Prairie","FB-509","prairie","This complex, naturalist blend weaves together earthy browns, river grays, and pure whites, accented by lively pops of red and blue. Prairie creates an engaging visual rhythm that pairs naturally with incoming daylight to cultivate an open, organic, and dynamic environment.","1/4"" | 1/8"" | 1/16""","F9966","Morning Fog","6",""
"Prairie","FB-509","prairie","This complex, naturalist blend weaves together earthy browns, river grays, and pure whites, accented by lively pops of red and blue. Prairie creates an engaging visual rhythm that pairs naturally with incoming daylight to cultivate an open, organic, and dynamic environment.","1/4"" | 1/8"" | 1/16""","F9973","Coppertone","6",""
"Citrine","FB-978","citrine-2","This warm, sun-kissed palette fuses earthy browns, stone grays, and clean whites with a celebratory splash of vibrant orange tones. Evoking the warmth of autumn leaves, Citrine brings a cheerful, grounded atmosphere that pairs beautifully to illuminate terracotta tones and warm amber lighting.","1/4"" | 1/8"" | 1/16""","F1800","Whisper Gray","13","percentages sum to 104"
"Citrine","FB-978","citrine-2","This warm, sun-kissed palette fuses earthy browns, stone grays, and clean whites with a celebratory splash of vibrant orange tones. Evoking the warmth of autumn leaves, Citrine brings a cheerful, grounded atmosphere that pairs beautifully to illuminate terracotta tones and warm amber lighting.","1/4"" | 1/8"" | 1/16""","F9958","Alpaca White","13","percentages sum to 104"
"Citrine","FB-978","citrine-2","This warm, sun-kissed palette fuses earthy browns, stone grays, and clean whites with a celebratory splash of vibrant orange tones. Evoking the warmth of autumn leaves, Citrine brings a cheerful, grounded atmosphere that pairs beautifully to illuminate terracotta tones and warm amber lighting.","1/4"" | 1/8"" | 1/16""","F2250","Semi-Transparent White","13","percentages sum to 104"
"Citrine","FB-978","citrine-2","This warm, sun-kissed palette fuses earthy browns, stone grays, and clean whites with a celebratory splash of vibrant orange tones. Evoking the warmth of autumn leaves, Citrine brings a cheerful, grounded atmosphere that pairs beautifully to illuminate terracotta tones and warm amber lighting.","1/4"" | 1/8"" | 1/16""","F9800","Sommelier","13","percentages sum to 104"
"Citrine","FB-978","citrine-2","This warm, sun-kissed palette fuses earthy browns, stone grays, and clean whites with a celebratory splash of vibrant orange tones. Evoking the warmth of autumn leaves, Citrine brings a cheerful, grounded atmosphere that pairs beautifully to illuminate terracotta tones and warm amber lighting.","1/4"" | 1/8"" | 1/16""","F1415","Graphite","13","percentages sum to 104"
"Citrine","FB-978","citrine-2","This warm, sun-kissed palette fuses earthy browns, stone grays, and clean whites with a celebratory splash of vibrant orange tones. Evoking the warmth of autumn leaves, Citrine brings a cheerful, grounded atmosphere that pairs beautifully to illuminate terracotta tones and warm amber lighting.","1/4"" | 1/8"" | 1/16""","F1045","Beige","13","percentages sum to 104"
"Citrine","FB-978","citrine-2","This warm, sun-kissed palette fuses earthy browns, stone grays, and clean whites with a celebratory splash of vibrant orange tones. Evoking the warmth of autumn leaves, Citrine brings a cheerful, grounded atmosphere that pairs beautifully to illuminate terracotta tones and warm amber lighting.","1/4"" | 1/8"" | 1/16""","F9903","Online","13","percentages sum to 104"
"Citrine","FB-978","citrine-2","This warm, sun-kissed palette fuses earthy browns, stone grays, and clean whites with a celebratory splash of vibrant orange tones. Evoking the warmth of autumn leaves, Citrine brings a cheerful, grounded atmosphere that pairs beautifully to illuminate terracotta tones and warm amber lighting.","1/4"" | 1/8"" | 1/16""","F5303","Cappuccino","13","percentages sum to 104"
"Steelcut","FB-720","steelcut","This deeply comforting palette relies on an organic family of rich browns, deep blacks, and slate grays to deliver an instantly welcoming presence. Steelcut anchors a space with a cozy, comforting atmosphere.","1/4"" | 1/8"" | 1/16""","F9986","Eggshell","56",""
"Steelcut","FB-720","steelcut","This deeply comforting palette relies on an organic family of rich browns, deep blacks, and slate grays to deliver an instantly welcoming presence. Steelcut anchors a space with a cozy, comforting atmosphere.","1/4"" | 1/8"" | 1/16""","F1780","Scone","20",""
"Steelcut","FB-720","steelcut","This deeply comforting palette relies on an organic family of rich browns, deep blacks, and slate grays to deliver an instantly welcoming presence. Steelcut anchors a space with a cozy, comforting atmosphere.","1/4"" | 1/8"" | 1/16""","F5116","Wigwam","10",""
"Steelcut","FB-720","steelcut","This deeply comforting palette relies on an organic family of rich browns, deep blacks, and slate grays to deliver an instantly welcoming presence. Steelcut anchors a space with a cozy, comforting atmosphere.","1/4"" | 1/8"" | 1/16""","F1000","Adobe Beige","7",""
"Steelcut","FB-720","steelcut","This deeply comforting palette relies on an organic family of rich browns, deep blacks, and slate grays to deliver an instantly welcoming presence. Steelcut anchors a space with a cozy, comforting atmosphere.","1/4"" | 1/8"" | 1/16""","F1410","Granite","4",""
"Steelcut","FB-720","steelcut","This deeply comforting palette relies on an organic family of rich browns, deep blacks, and slate grays to deliver an instantly welcoming presence. Steelcut anchors a space with a cozy, comforting atmosphere.","1/4"" | 1/8"" | 1/16""","F1415","Graphite","3",""
"Cabin Fever","FB-127","cabin-fever","This rich, welcoming blend layers multi-sized aggregates of pine brown, dark black, slate gray, and crisp white to mimic natural mineral formations. Cabin Fever creates an engaging visual flow that harmonizes beautifully within dark, grounding environments and warm, amber lighting.","1/4"" | 1/8"" | 1/16""","F1410","Granite","30",""
"Cabin Fever","FB-127","cabin-fever","This rich, welcoming blend layers multi-sized aggregates of pine brown, dark black, slate gray, and crisp white to mimic natural mineral formations. Cabin Fever creates an engaging visual flow that harmonizes beautifully within dark, grounding environments and warm, amber lighting.","1/4"" | 1/8"" | 1/16""","F1780","Scone","30",""
"Cabin Fever","FB-127","cabin-fever","This rich, welcoming blend layers multi-sized aggregates of pine brown, dark black, slate gray, and crisp white to mimic natural mineral formations. Cabin Fever creates an engaging visual flow that harmonizes beautifully within dark, grounding environments and warm, amber lighting.","1/4"" | 1/8"" | 1/16""","F1820","White","30",""
"Cabin Fever","FB-127","cabin-fever","This rich, welcoming blend layers multi-sized aggregates of pine brown, dark black, slate gray, and crisp white to mimic natural mineral formations. Cabin Fever creates an engaging visual flow that harmonizes beautifully within dark, grounding environments and warm, amber lighting.","1/4"" | 1/8"" | 1/16""","F1050","Black","10",""
"Anvil","FB-726","anvil","Inspired by stormy skies, Anvil balances neutral grays and crisp white tones to cultivate a calm, composed atmosphere. Its versatile palette pairs effortlessly with cool-toned decor elements or clean whites to create a balanced, unified room environment.","1/4"" | 1/8"" | 1/16""","F1800","Whisper Gray","35",""
"Anvil","FB-726","anvil","Inspired by stormy skies, Anvil balances neutral grays and crisp white tones to cultivate a calm, composed atmosphere. Its versatile palette pairs effortlessly with cool-toned decor elements or clean whites to create a balanced, unified room environment.","1/4"" | 1/8"" | 1/16""","F9959","Antique White","35",""
"Anvil","FB-726","anvil","Inspired by stormy skies, Anvil balances neutral grays and crisp white tones to cultivate a calm, composed atmosphere. Its versatile palette pairs effortlessly with cool-toned decor elements or clean whites to create a balanced, unified room environment.","1/4"" | 1/8"" | 1/16""","F9955","Battleship Gray","5",""
"Anvil","FB-726","anvil","Inspired by stormy skies, Anvil balances neutral grays and crisp white tones to cultivate a calm, composed atmosphere. Its versatile palette pairs effortlessly with cool-toned decor elements or clean whites to create a balanced, unified room environment.","1/4"" | 1/8"" | 1/16""","F5920","Cyberspace","8",""
"Anvil","FB-726","anvil","Inspired by stormy skies, Anvil balances neutral grays and crisp white tones to cultivate a calm, composed atmosphere. Its versatile palette pairs effortlessly with cool-toned decor elements or clean whites to create a balanced, unified room environment.","1/4"" | 1/8"" | 1/16""","F2510","Purple Gray","5",""
"Anvil","FB-726","anvil","Inspired by stormy skies, Anvil balances neutral grays and crisp white tones to cultivate a calm, composed atmosphere. Its versatile palette pairs effortlessly with cool-toned decor elements or clean whites to create a balanced, unified room environment.","1/4"" | 1/8"" | 1/16""","F1820","White","7",""
"Anvil","FB-726","anvil","Inspired by stormy skies, Anvil balances neutral grays and crisp white tones to cultivate a calm, composed atmosphere. Its versatile palette pairs effortlessly with cool-toned decor elements or clean whites to create a balanced, unified room environment.","1/4"" | 1/8"" | 1/16""","F6606","Neutral Gray","5",""
"Chickadee","FB-967","chickadee","Inspired by the delicate plumage of songbirds, Chickadee gracefully weaves together organic brown, soft gray, and crisp white tones. The welcoming, grounded color family establishes a serene environment that coordinates perfectly with natural oak wood tones, linen-colored light, and soft beige.","1/4"" | 1/8"" | 1/16""","F1820","White","13","percentages sum to 103"
"Chickadee","FB-967","chickadee","Inspired by the delicate plumage of songbirds, Chickadee gracefully weaves together organic brown, soft gray, and crisp white tones. The welcoming, grounded color family establishes a serene environment that coordinates perfectly with natural oak wood tones, linen-colored light, and soft beige.","1/4"" | 1/8"" | 1/16""","F9986","Eggshell","25","percentages sum to 103"
"Chickadee","FB-967","chickadee","Inspired by the delicate plumage of songbirds, Chickadee gracefully weaves together organic brown, soft gray, and crisp white tones. The welcoming, grounded color family establishes a serene environment that coordinates perfectly with natural oak wood tones, linen-colored light, and soft beige.","1/4"" | 1/8"" | 1/16""","F1100","Cocoa Brown","13","percentages sum to 103"
"Chickadee","FB-967","chickadee","Inspired by the delicate plumage of songbirds, Chickadee gracefully weaves together organic brown, soft gray, and crisp white tones. The welcoming, grounded color family establishes a serene environment that coordinates perfectly with natural oak wood tones, linen-colored light, and soft beige.","1/4"" | 1/8"" | 1/16""","F9911","Fossil","13","percentages sum to 103"
"Chickadee","FB-967","chickadee","Inspired by the delicate plumage of songbirds, Chickadee gracefully weaves together organic brown, soft gray, and crisp white tones. The welcoming, grounded color family establishes a serene environment that coordinates perfectly with natural oak wood tones, linen-colored light, and soft beige.","1/4"" | 1/8"" | 1/16""","F9801","Dolphin","13","percentages sum to 103"
"Chickadee","FB-967","chickadee","Inspired by the delicate plumage of songbirds, Chickadee gracefully weaves together organic brown, soft gray, and crisp white tones. The welcoming, grounded color family establishes a serene environment that coordinates perfectly with natural oak wood tones, linen-colored light, and soft beige.","1/4"" | 1/8"" | 1/16""","F5305","Tabu","13","percentages sum to 103"
"Chickadee","FB-967","chickadee","Inspired by the delicate plumage of songbirds, Chickadee gracefully weaves together organic brown, soft gray, and crisp white tones. The welcoming, grounded color family establishes a serene environment that coordinates perfectly with natural oak wood tones, linen-colored light, and soft beige.","1/4"" | 1/8"" | 1/16""","F1425","Ivory","13","percentages sum to 103"
"Coyote","FB-513","coyote","Reflecting the untamed beauty of desert canyons, this blend synthesizes earthy browns, deep black, and stone grays with clean white highlights. The grounded, natural color family of Coyote establishes a warm, rustic atmosphere that pairs naturally with sage green, rich copper tones, and warm sand palettes.","1/4"" | 1/8"" | 1/16""","F1050","Black","5",""
"Coyote","FB-513","coyote","Reflecting the untamed beauty of desert canyons, this blend synthesizes earthy browns, deep black, and stone grays with clean white highlights. The grounded, natural color family of Coyote establishes a warm, rustic atmosphere that pairs naturally with sage green, rich copper tones, and warm sand palettes.","1/4"" | 1/8"" | 1/16""","F1820","White","20",""
"Coyote","FB-513","coyote","Reflecting the untamed beauty of desert canyons, this blend synthesizes earthy browns, deep black, and stone grays with clean white highlights. The grounded, natural color family of Coyote establishes a warm, rustic atmosphere that pairs naturally with sage green, rich copper tones, and warm sand palettes.","1/4"" | 1/8"" | 1/16""","F5052","Chocolate","5",""
"Coyote","FB-513","coyote","Reflecting the untamed beauty of desert canyons, this blend synthesizes earthy browns, deep black, and stone grays with clean white highlights. The grounded, natural color family of Coyote establishes a warm, rustic atmosphere that pairs naturally with sage green, rich copper tones, and warm sand palettes.","1/4"" | 1/8"" | 1/16""","F9957","Taupe","20",""
"Coyote","FB-513","coyote","Reflecting the untamed beauty of desert canyons, this blend synthesizes earthy browns, deep black, and stone grays with clean white highlights. The grounded, natural color family of Coyote establishes a warm, rustic atmosphere that pairs naturally with sage green, rich copper tones, and warm sand palettes.","1/4"" | 1/8"" | 1/16""","F9958","Alpaca White","20",""
"Coyote","FB-513","coyote","Reflecting the untamed beauty of desert canyons, this blend synthesizes earthy browns, deep black, and stone grays with clean white highlights. The grounded, natural color family of Coyote establishes a warm, rustic atmosphere that pairs naturally with sage green, rich copper tones, and warm sand palettes.","1/4"" | 1/8"" | 1/16""","F9959","Antique White","20",""
"Coyote","FB-513","coyote","Reflecting the untamed beauty of desert canyons, this blend synthesizes earthy browns, deep black, and stone grays with clean white highlights. The grounded, natural color family of Coyote establishes a warm, rustic atmosphere that pairs naturally with sage green, rich copper tones, and warm sand palettes.","1/4"" | 1/8"" | 1/16""","F9961","Functional Gray","10",""
"Gracious","FB-916","gracious","This highly curated blend juxtaposes deep charcoal black and stark white against a balancing field of elegant grays. Gracious fosters a clean, dignified atmosphere.","1/4"" | 1/8"" | 1/16""","F9959","Antique White","43",""
"Gracious","FB-916","gracious","This highly curated blend juxtaposes deep charcoal black and stark white against a balancing field of elegant grays. Gracious fosters a clean, dignified atmosphere.","1/4"" | 1/8"" | 1/16""","F1410","Granite","15",""
"Gracious","FB-916","gracious","This highly curated blend juxtaposes deep charcoal black and stark white against a balancing field of elegant grays. Gracious fosters a clean, dignified atmosphere.","1/4"" | 1/8"" | 1/16""","F9957","Taupe","15",""
"Gracious","FB-916","gracious","This highly curated blend juxtaposes deep charcoal black and stark white against a balancing field of elegant grays. Gracious fosters a clean, dignified atmosphere.","1/4"" | 1/8"" | 1/16""","F5114","Ebony","12",""
"Gracious","FB-916","gracious","This highly curated blend juxtaposes deep charcoal black and stark white against a balancing field of elegant grays. Gracious fosters a clean, dignified atmosphere.","1/4"" | 1/8"" | 1/16""","F1050","Black","5",""
"Gracious","FB-916","gracious","This highly curated blend juxtaposes deep charcoal black and stark white against a balancing field of elegant grays. Gracious fosters a clean, dignified atmosphere.","1/4"" | 1/8"" | 1/16""","F1820","White","10",""
"Shoreline","FB-421","shoreline","Drawing inspiration from dark volcanic coastlines, this dramatic palette relies on a heavy, grounded mix of rich espresso browns and deep blacks. Shoreline provides a moody, cozy atmosphere.","1/4"" | 1/8"" | 1/16""","F1040","Autumn Brown","11",""
"Shoreline","FB-421","shoreline","Drawing inspiration from dark volcanic coastlines, this dramatic palette relies on a heavy, grounded mix of rich espresso browns and deep blacks. Shoreline provides a moody, cozy atmosphere.","1/4"" | 1/8"" | 1/16""","F1050","Black","6",""
"Shoreline","FB-421","shoreline","Drawing inspiration from dark volcanic coastlines, this dramatic palette relies on a heavy, grounded mix of rich espresso browns and deep blacks. Shoreline provides a moody, cozy atmosphere.","1/4"" | 1/8"" | 1/16""","F1425","Ivory","33",""
"Shoreline","FB-421","shoreline","Drawing inspiration from dark volcanic coastlines, this dramatic palette relies on a heavy, grounded mix of rich espresso browns and deep blacks. Shoreline provides a moody, cozy atmosphere.","1/4"" | 1/8"" | 1/16""","F1780","Scone","50",""
"Bambi","FB-959","bambi","Featuring a carefully curated assortment of light and dark tones, Bambi uses soft shades of sandy tan and rich caramel to evoke the serenity of a sunlit forest. This comforting, warm color family pairs wonderfully to ground a space in warm neutrals, creams, and organic tones.","1/4"" | 1/8"" | 1/16""","F1060","Brown","5",""
"Bambi","FB-959","bambi","Featuring a carefully curated assortment of light and dark tones, Bambi uses soft shades of sandy tan and rich caramel to evoke the serenity of a sunlit forest. This comforting, warm color family pairs wonderfully to ground a space in warm neutrals, creams, and organic tones.","1/4"" | 1/8"" | 1/16""","F1100","Cocoa Brown","5",""
"Bambi","FB-959","bambi","Featuring a carefully curated assortment of light and dark tones, Bambi uses soft shades of sandy tan and rich caramel to evoke the serenity of a sunlit forest. This comforting, warm color family pairs wonderfully to ground a space in warm neutrals, creams, and organic tones.","1/4"" | 1/8"" | 1/16""","F6601","Buff","50",""
"Bambi","FB-959","bambi","Featuring a carefully curated assortment of light and dark tones, Bambi uses soft shades of sandy tan and rich caramel to evoke the serenity of a sunlit forest. This comforting, warm color family pairs wonderfully to ground a space in warm neutrals, creams, and organic tones.","1/4"" | 1/8"" | 1/16""","F9954","Caramel","10",""
"Bambi","FB-959","bambi","Featuring a carefully curated assortment of light and dark tones, Bambi uses soft shades of sandy tan and rich caramel to evoke the serenity of a sunlit forest. This comforting, warm color family pairs wonderfully to ground a space in warm neutrals, creams, and organic tones.","1/4"" | 1/8"" | 1/16""","F9986","Eggshell","30",""
"Stonehenge","FB-427","stonehenge","Replicating the enduring look of ancient rock formations, this grounded composition layers structural grays and crisp white tones. Stonehenge establishes a robust, calm presence.","1/4"" | 1/8"" | 1/16""","F1090","Charcoal","20",""
"Stonehenge","FB-427","stonehenge","Replicating the enduring look of ancient rock formations, this grounded composition layers structural grays and crisp white tones. Stonehenge establishes a robust, calm presence.","1/4"" | 1/8"" | 1/16""","F1410","Granite","20",""
"Stonehenge","FB-427","stonehenge","Replicating the enduring look of ancient rock formations, this grounded composition layers structural grays and crisp white tones. Stonehenge establishes a robust, calm presence.","1/4"" | 1/8"" | 1/16""","F1415","Graphite","20",""
"Stonehenge","FB-427","stonehenge","Replicating the enduring look of ancient rock formations, this grounded composition layers structural grays and crisp white tones. Stonehenge establishes a robust, calm presence.","1/4"" | 1/8"" | 1/16""","F1800","Whisper Gray","20",""
"Stonehenge","FB-427","stonehenge","Replicating the enduring look of ancient rock formations, this grounded composition layers structural grays and crisp white tones. Stonehenge establishes a robust, calm presence.","1/4"" | 1/8"" | 1/16""","F1820","White","20",""
"Gravel","FB-414","gravel-2","Mirroring a tranquil pebble path, this simple yet effective blend harmonizes natural river grays with bright white accents. Gravel creates a grounded, peaceful atmosphere.","1/4"" | 1/8"" | 1/16""","F1410","Granite","25",""
"Gravel","FB-414","gravel-2","Mirroring a tranquil pebble path, this simple yet effective blend harmonizes natural river grays with bright white accents. Gravel creates a grounded, peaceful atmosphere.","1/4"" | 1/8"" | 1/16""","F1415","Graphite","25",""
"Gravel","FB-414","gravel-2","Mirroring a tranquil pebble path, this simple yet effective blend harmonizes natural river grays with bright white accents. Gravel creates a grounded, peaceful atmosphere.","1/4"" | 1/8"" | 1/16""","F1800","Whisper Gray","25",""
"Gravel","FB-414","gravel-2","Mirroring a tranquil pebble path, this simple yet effective blend harmonizes natural river grays with bright white accents. Gravel creates a grounded, peaceful atmosphere.","1/4"" | 1/8"" | 1/16""","F1820","White","25",""
"Rosy-Finch","FB-969","rosy-finch","Mirroring the soft elegance of winter bird plumage, this comforting blend mixes earthy browns, misty grays, and clean whites with delicate touches of pink. Rosy-Finch introduces a warm, welcoming atmosphere.","1/4"" | 1/8"" | 1/16""","F9986","Eggshell","13","percentages sum to 104"
"Rosy-Finch","FB-969","rosy-finch","Mirroring the soft elegance of winter bird plumage, this comforting blend mixes earthy browns, misty grays, and clean whites with delicate touches of pink. Rosy-Finch introduces a warm, welcoming atmosphere.","1/4"" | 1/8"" | 1/16""","F1000","Adobe Beige","13","percentages sum to 104"
"Rosy-Finch","FB-969","rosy-finch","Mirroring the soft elegance of winter bird plumage, this comforting blend mixes earthy browns, misty grays, and clean whites with delicate touches of pink. Rosy-Finch introduces a warm, welcoming atmosphere.","1/4"" | 1/8"" | 1/16""","F9806","Chiffon","13","percentages sum to 104"
"Rosy-Finch","FB-969","rosy-finch","Mirroring the soft elegance of winter bird plumage, this comforting blend mixes earthy browns, misty grays, and clean whites with delicate touches of pink. Rosy-Finch introduces a warm, welcoming atmosphere.","1/4"" | 1/8"" | 1/16""","F9987","Stone","13","percentages sum to 104"
"Rosy-Finch","FB-969","rosy-finch","Mirroring the soft elegance of winter bird plumage, this comforting blend mixes earthy browns, misty grays, and clean whites with delicate touches of pink. Rosy-Finch introduces a warm, welcoming atmosphere.","1/4"" | 1/8"" | 1/16""","F1100","Cocoa Brown","13","percentages sum to 104"
"Rosy-Finch","FB-969","rosy-finch","Mirroring the soft elegance of winter bird plumage, this comforting blend mixes earthy browns, misty grays, and clean whites with delicate touches of pink. Rosy-Finch introduces a warm, welcoming atmosphere.","1/4"" | 1/8"" | 1/16""","F6602","Latte","13","percentages sum to 104"
"Rosy-Finch","FB-969","rosy-finch","Mirroring the soft elegance of winter bird plumage, this comforting blend mixes earthy browns, misty grays, and clean whites with delicate touches of pink. Rosy-Finch introduces a warm, welcoming atmosphere.","1/4"" | 1/8"" | 1/16""","F9957","Taupe","13","percentages sum to 104"
"Rosy-Finch","FB-969","rosy-finch","Mirroring the soft elegance of winter bird plumage, this comforting blend mixes earthy browns, misty grays, and clean whites with delicate touches of pink. Rosy-Finch introduces a warm, welcoming atmosphere.","1/4"" | 1/8"" | 1/16""","F6607","Clay","13","percentages sum to 104"
"Buffalo","FB-954","buffalo","This grounded composition, Buffalo, uses a rich spectrum of chestnut and espresso brown tones to evoke a welcoming, organic aesthetic. The natural color family coordinates perfectly to establish a sheltering presence alongside warm taupes, creams, and golden-hour lighting.","1/4"" | 1/8"" | 1/16""","F1060","Brown","5",""
"Buffalo","FB-954","buffalo","This grounded composition, Buffalo, uses a rich spectrum of chestnut and espresso brown tones to evoke a welcoming, organic aesthetic. The natural color family coordinates perfectly to establish a sheltering presence alongside warm taupes, creams, and golden-hour lighting.","1/4"" | 1/8"" | 1/16""","F1100","Cocoa Brown","5",""
"Buffalo","FB-954","buffalo","This grounded composition, Buffalo, uses a rich spectrum of chestnut and espresso brown tones to evoke a welcoming, organic aesthetic. The natural color family coordinates perfectly to establish a sheltering presence alongside warm taupes, creams, and golden-hour lighting.","1/4"" | 1/8"" | 1/16""","F6601","Buff","20",""
"Buffalo","FB-954","buffalo","This grounded composition, Buffalo, uses a rich spectrum of chestnut and espresso brown tones to evoke a welcoming, organic aesthetic. The natural color family coordinates perfectly to establish a sheltering presence alongside warm taupes, creams, and golden-hour lighting.","1/4"" | 1/8"" | 1/16""","F9954","Caramel","10",""
"Buffalo","FB-954","buffalo","This grounded composition, Buffalo, uses a rich spectrum of chestnut and espresso brown tones to evoke a welcoming, organic aesthetic. The natural color family coordinates perfectly to establish a sheltering presence alongside warm taupes, creams, and golden-hour lighting.","1/4"" | 1/8"" | 1/16""","F9986","Eggshell","60",""
"Talus","F9319","talus","Talus takes its name from the rocky debris that gathers at the base of a cliff face — a light, warm, colorful marble blend that moves through orange, red, and white with the natural variation of sun-warmed sedimentary stone. DISCLAIMER: TORGINOL® Marble Flake and Varicolored Flake may vary slightly from lot-to-lot due to inherent limitations in the manufacturing process. To ensure optimal color consistency when using multiple lots, variegated colors should be intermixed prior to use.","1/4"" | 1/8"" | 1/16""","","","","No Made Up Of section found on page"
"Waxwing","FB-968","waxwing","Mimicking the subtle, elegant markings of woodland songbirds, this grounded composition layers earthy browns, stone grays, and clean whites with a vibrant touch of orange. Waxwing creates a welcoming, spirited atmosphere that coordinates effortlessly with deep espresso and cream tones across the room.","1/4"" | 1/8"" | 1/16""","F9986","Eggshell","13","percentages sum to 104"
"Waxwing","FB-968","waxwing","Mimicking the subtle, elegant markings of woodland songbirds, this grounded composition layers earthy browns, stone grays, and clean whites with a vibrant touch of orange. Waxwing creates a welcoming, spirited atmosphere that coordinates effortlessly with deep espresso and cream tones across the room.","1/4"" | 1/8"" | 1/16""","F9960","Navajo Beige","13","percentages sum to 104"
"Waxwing","FB-968","waxwing","Mimicking the subtle, elegant markings of woodland songbirds, this grounded composition layers earthy browns, stone grays, and clean whites with a vibrant touch of orange. Waxwing creates a welcoming, spirited atmosphere that coordinates effortlessly with deep espresso and cream tones across the room.","1/4"" | 1/8"" | 1/16""","F9987","Stone","13","percentages sum to 104"
"Waxwing","FB-968","waxwing","Mimicking the subtle, elegant markings of woodland songbirds, this grounded composition layers earthy browns, stone grays, and clean whites with a vibrant touch of orange. Waxwing creates a welcoming, spirited atmosphere that coordinates effortlessly with deep espresso and cream tones across the room.","1/4"" | 1/8"" | 1/16""","F1640","Patio Red","13","percentages sum to 104"
"Waxwing","FB-968","waxwing","Mimicking the subtle, elegant markings of woodland songbirds, this grounded composition layers earthy browns, stone grays, and clean whites with a vibrant touch of orange. Waxwing creates a welcoming, spirited atmosphere that coordinates effortlessly with deep espresso and cream tones across the room.","1/4"" | 1/8"" | 1/16""","F5114","Ebony","13","percentages sum to 104"
"Waxwing","FB-968","waxwing","Mimicking the subtle, elegant markings of woodland songbirds, this grounded composition layers earthy browns, stone grays, and clean whites with a vibrant touch of orange. Waxwing creates a welcoming, spirited atmosphere that coordinates effortlessly with deep espresso and cream tones across the room.","1/4"" | 1/8"" | 1/16""","F9801","Dolphin","13","percentages sum to 104"
"Waxwing","FB-968","waxwing","Mimicking the subtle, elegant markings of woodland songbirds, this grounded composition layers earthy browns, stone grays, and clean whites with a vibrant touch of orange. Waxwing creates a welcoming, spirited atmosphere that coordinates effortlessly with deep espresso and cream tones across the room.","1/4"" | 1/8"" | 1/16""","F6602","Latte","13","percentages sum to 104"
"Waxwing","FB-968","waxwing","Mimicking the subtle, elegant markings of woodland songbirds, this grounded composition layers earthy browns, stone grays, and clean whites with a vibrant touch of orange. Waxwing creates a welcoming, spirited atmosphere that coordinates effortlessly with deep espresso and cream tones across the room.","1/4"" | 1/8"" | 1/16""","F1320","Fawn","13","percentages sum to 104"
"Spilite","F9313","spilite","Spilite takes its name from the pale, ancient volcanic rock — a light, muted warm neutral with the quiet, mineral warmth of weathered stone. DISCLAIMER: TORGINOL® Marble Flake and Varicolored Flake may vary slightly from lot-to-lot due to inherent limitations in the manufacturing process. To ensure optimal color consistency when using multiple lots, variegated colors should be intermixed prior to use.","1/4"" | 1/8"" | 1/16""","","","","No Made Up Of section found on page"
"Thyme","FB-977","thyme","This fresh palette anchors an organic base of earthy browns, stone grays, and crisp whites with a quiet whisper of botanical green. Thyme cultivates a clean, serene atmosphere that breathes a peaceful, natural energy into any environment.","1/4"" | 1/8"" | 1/16""","F1820","White","13","percentages sum to 104"
"Thyme","FB-977","thyme","This fresh palette anchors an organic base of earthy browns, stone grays, and crisp whites with a quiet whisper of botanical green. Thyme cultivates a clean, serene atmosphere that breathes a peaceful, natural energy into any environment.","1/4"" | 1/8"" | 1/16""","F1090","Charcoal","13","percentages sum to 104"
"Thyme","FB-977","thyme","This fresh palette anchors an organic base of earthy browns, stone grays, and crisp whites with a quiet whisper of botanical green. Thyme cultivates a clean, serene atmosphere that breathes a peaceful, natural energy into any environment.","1/4"" | 1/8"" | 1/16""","F1415","Graphite","13","percentages sum to 104"
"Thyme","FB-977","thyme","This fresh palette anchors an organic base of earthy browns, stone grays, and crisp whites with a quiet whisper of botanical green. Thyme cultivates a clean, serene atmosphere that breathes a peaceful, natural energy into any environment.","1/4"" | 1/8"" | 1/16""","F1430","Jasper","13","percentages sum to 104"
"Thyme","FB-977","thyme","This fresh palette anchors an organic base of earthy browns, stone grays, and crisp whites with a quiet whisper of botanical green. Thyme cultivates a clean, serene atmosphere that breathes a peaceful, natural energy into any environment.","1/4"" | 1/8"" | 1/16""","F5305","Tabu","13","percentages sum to 104"
"Thyme","FB-977","thyme","This fresh palette anchors an organic base of earthy browns, stone grays, and crisp whites with a quiet whisper of botanical green. Thyme cultivates a clean, serene atmosphere that breathes a peaceful, natural energy into any environment.","1/4"" | 1/8"" | 1/16""","F5252","Cement","13","percentages sum to 104"
"Thyme","FB-977","thyme","This fresh palette anchors an organic base of earthy browns, stone grays, and crisp whites with a quiet whisper of botanical green. Thyme cultivates a clean, serene atmosphere that breathes a peaceful, natural energy into any environment.","1/4"" | 1/8"" | 1/16""","F9961","Functional Gray","13","percentages sum to 104"
"Thyme","FB-977","thyme","This fresh palette anchors an organic base of earthy browns, stone grays, and crisp whites with a quiet whisper of botanical green. Thyme cultivates a clean, serene atmosphere that breathes a peaceful, natural energy into any environment.","1/4"" | 1/8"" | 1/16""","F9957","Taupe","13","percentages sum to 104"
"Timberwolf","FB-909","timberwolf","Evoking the soft elegance of a winter landscape, this clean composition distributes delicate grays and pure white tones. Timberwolf brings a calm, composed atmosphere to an environment, acting as an incredibly versatile backdrop for a variety of spaces.","1/4"" | 1/8"" | 1/16""","F1800","Whisper Gray","20",""
"Timberwolf","FB-909","timberwolf","Evoking the soft elegance of a winter landscape, this clean composition distributes delicate grays and pure white tones. Timberwolf brings a calm, composed atmosphere to an environment, acting as an incredibly versatile backdrop for a variety of spaces.","1/4"" | 1/8"" | 1/16""","F1820","White","5",""
"Timberwolf","FB-909","timberwolf","Evoking the soft elegance of a winter landscape, this clean composition distributes delicate grays and pure white tones. Timberwolf brings a calm, composed atmosphere to an environment, acting as an incredibly versatile backdrop for a variety of spaces.","1/4"" | 1/8"" | 1/16""","F6606","Neutral Gray","50",""
"Timberwolf","FB-909","timberwolf","Evoking the soft elegance of a winter landscape, this clean composition distributes delicate grays and pure white tones. Timberwolf brings a calm, composed atmosphere to an environment, acting as an incredibly versatile backdrop for a variety of spaces.","1/4"" | 1/8"" | 1/16""","F9955","Battleship Gray","15",""
"Timberwolf","FB-909","timberwolf","Evoking the soft elegance of a winter landscape, this clean composition distributes delicate grays and pure white tones. Timberwolf brings a calm, composed atmosphere to an environment, acting as an incredibly versatile backdrop for a variety of spaces.","1/4"" | 1/8"" | 1/16""","F9958","Alpaca White","5",""
"Timberwolf","FB-909","timberwolf","Evoking the soft elegance of a winter landscape, this clean composition distributes delicate grays and pure white tones. Timberwolf brings a calm, composed atmosphere to an environment, acting as an incredibly versatile backdrop for a variety of spaces.","1/4"" | 1/8"" | 1/16""","F9959","Antique White","5",""
"Wild Dove","FB-911","wild-dove","Replicating the peaceful look of morning mist, this simple yet effective blend harmonizes clean stone grays with bright white accents. Wild Dove creates a grounded, peaceful atmosphere that effortlessly stabilizes expansive rooms with a sense of enduring stillness.","1/4"" | 1/8"" | 1/16""","F1800","Whisper Gray","5",""
"Wild Dove","FB-911","wild-dove","Replicating the peaceful look of morning mist, this simple yet effective blend harmonizes clean stone grays with bright white accents. Wild Dove creates a grounded, peaceful atmosphere that effortlessly stabilizes expansive rooms with a sense of enduring stillness.","1/4"" | 1/8"" | 1/16""","F1820","White","5",""
"Wild Dove","FB-911","wild-dove","Replicating the peaceful look of morning mist, this simple yet effective blend harmonizes clean stone grays with bright white accents. Wild Dove creates a grounded, peaceful atmosphere that effortlessly stabilizes expansive rooms with a sense of enduring stillness.","1/4"" | 1/8"" | 1/16""","F9903","Online","80",""
"Wild Dove","FB-911","wild-dove","Replicating the peaceful look of morning mist, this simple yet effective blend harmonizes clean stone grays with bright white accents. Wild Dove creates a grounded, peaceful atmosphere that effortlessly stabilizes expansive rooms with a sense of enduring stillness.","1/4"" | 1/8"" | 1/16""","F9958","Alpaca White","5",""
"Wild Dove","FB-911","wild-dove","Replicating the peaceful look of morning mist, this simple yet effective blend harmonizes clean stone grays with bright white accents. Wild Dove creates a grounded, peaceful atmosphere that effortlessly stabilizes expansive rooms with a sense of enduring stillness.","1/4"" | 1/8"" | 1/16""","F9959","Antique White","5",""
"Summit","FB-721","summit","Inspired by snow-capped peaks, this balanced blend layers rich timber browns, sophisticated grays, and clean white accents. Summit establishes a robust, grounded presence that brings a sense of high-altitude clarity and warmth into any environment.","1/4"" | 1/8"" | 1/16""","F9959","Antique White","60",""
"Summit","FB-721","summit","Inspired by snow-capped peaks, this balanced blend layers rich timber browns, sophisticated grays, and clean white accents. Summit establishes a robust, grounded presence that brings a sense of high-altitude clarity and warmth into any environment.","1/4"" | 1/8"" | 1/16""","F5252","Cement","10",""
"Summit","FB-721","summit","Inspired by snow-capped peaks, this balanced blend layers rich timber browns, sophisticated grays, and clean white accents. Summit establishes a robust, grounded presence that brings a sense of high-altitude clarity and warmth into any environment.","1/4"" | 1/8"" | 1/16""","F1410","Granite","10",""
"Summit","FB-721","summit","Inspired by snow-capped peaks, this balanced blend layers rich timber browns, sophisticated grays, and clean white accents. Summit establishes a robust, grounded presence that brings a sense of high-altitude clarity and warmth into any environment.","1/4"" | 1/8"" | 1/16""","F1090","Charcoal","10",""
"Summit","FB-721","summit","Inspired by snow-capped peaks, this balanced blend layers rich timber browns, sophisticated grays, and clean white accents. Summit establishes a robust, grounded presence that brings a sense of high-altitude clarity and warmth into any environment.","1/4"" | 1/8"" | 1/16""","F1415","Graphite","5",""
"Summit","FB-721","summit","Inspired by snow-capped peaks, this balanced blend layers rich timber browns, sophisticated grays, and clean white accents. Summit establishes a robust, grounded presence that brings a sense of high-altitude clarity and warmth into any environment.","1/4"" | 1/8"" | 1/16""","F2563","Rhino Gray","5",""
"Avalanche","FB-722","avalanche","Blending pure white, cool gray, and crisp glacial blue tones, Avalanche evokes a fresh, expansive atmosphere. The crisp, clean color scheme serves as an excellent backdrop that harmonizes beautifully to elevate the natural light and fluid energy within cool room palettes.","1/4"" | 1/8"" | 1/16""","F9959","Antique White","50",""
"Avalanche","FB-722","avalanche","Blending pure white, cool gray, and crisp glacial blue tones, Avalanche evokes a fresh, expansive atmosphere. The crisp, clean color scheme serves as an excellent backdrop that harmonizes beautifully to elevate the natural light and fluid energy within cool room palettes.","1/4"" | 1/8"" | 1/16""","F1800","Whisper Gray","10",""
"Avalanche","FB-722","avalanche","Blending pure white, cool gray, and crisp glacial blue tones, Avalanche evokes a fresh, expansive atmosphere. The crisp, clean color scheme serves as an excellent backdrop that harmonizes beautifully to elevate the natural light and fluid energy within cool room palettes.","1/4"" | 1/8"" | 1/16""","F1410","Granite","10",""
"Avalanche","FB-722","avalanche","Blending pure white, cool gray, and crisp glacial blue tones, Avalanche evokes a fresh, expansive atmosphere. The crisp, clean color scheme serves as an excellent backdrop that harmonizes beautifully to elevate the natural light and fluid energy within cool room palettes.","1/4"" | 1/8"" | 1/16""","F2563","Rhino Gray","10",""
"Avalanche","FB-722","avalanche","Blending pure white, cool gray, and crisp glacial blue tones, Avalanche evokes a fresh, expansive atmosphere. The crisp, clean color scheme serves as an excellent backdrop that harmonizes beautifully to elevate the natural light and fluid energy within cool room palettes.","1/4"" | 1/8"" | 1/16""","F1415","Graphite","10",""
"Avalanche","FB-722","avalanche","Blending pure white, cool gray, and crisp glacial blue tones, Avalanche evokes a fresh, expansive atmosphere. The crisp, clean color scheme serves as an excellent backdrop that harmonizes beautifully to elevate the natural light and fluid energy within cool room palettes.","1/4"" | 1/8"" | 1/16""","F1090","Charcoal","10",""
"Rapids","FB-506","rapids","Reminiscent of rushing alpine waters, this clean composition weaves soothing grays, pure white, and refreshing blue tones. Rapids sets a crisp, tranquil atmosphere.","1/4"" | 1/8"" | 1/16""","F9957","Taupe","20",""
"Rapids","FB-506","rapids","Reminiscent of rushing alpine waters, this clean composition weaves soothing grays, pure white, and refreshing blue tones. Rapids sets a crisp, tranquil atmosphere.","1/4"" | 1/8"" | 1/16""","F1820","White","20",""
"Rapids","FB-506","rapids","Reminiscent of rushing alpine waters, this clean composition weaves soothing grays, pure white, and refreshing blue tones. Rapids sets a crisp, tranquil atmosphere.","1/4"" | 1/8"" | 1/16""","F9958","Alpaca White","20",""
"Rapids","FB-506","rapids","Reminiscent of rushing alpine waters, this clean composition weaves soothing grays, pure white, and refreshing blue tones. Rapids sets a crisp, tranquil atmosphere.","1/4"" | 1/8"" | 1/16""","F9964","Sky Blue","10",""
"Rapids","FB-506","rapids","Reminiscent of rushing alpine waters, this clean composition weaves soothing grays, pure white, and refreshing blue tones. Rapids sets a crisp, tranquil atmosphere.","1/4"" | 1/8"" | 1/16""","F9966","Morning Fog","20",""
"Rapids","FB-506","rapids","Reminiscent of rushing alpine waters, this clean composition weaves soothing grays, pure white, and refreshing blue tones. Rapids sets a crisp, tranquil atmosphere.","1/4"" | 1/8"" | 1/16""","F9969","Navy","10",""
"Houndstooth","FB-910","houndstooth","Mirroring the timeless elegance of classic tailoring, this blend relies on a sophisticated interplay of deep black, pristine white, and balancing grays. Houndstooth creates a sleek, dignified atmosphere that pairs naturally to anchor any vibrant accent color or soft pastel environment.","1/4"" | 1/8"" | 1/16""","F1050","Black","20",""
"Houndstooth","FB-910","houndstooth","Mirroring the timeless elegance of classic tailoring, this blend relies on a sophisticated interplay of deep black, pristine white, and balancing grays. Houndstooth creates a sleek, dignified atmosphere that pairs naturally to anchor any vibrant accent color or soft pastel environment.","1/4"" | 1/8"" | 1/16""","F1800","Whisper Gray","20",""
"Houndstooth","FB-910","houndstooth","Mirroring the timeless elegance of classic tailoring, this blend relies on a sophisticated interplay of deep black, pristine white, and balancing grays. Houndstooth creates a sleek, dignified atmosphere that pairs naturally to anchor any vibrant accent color or soft pastel environment.","1/4"" | 1/8"" | 1/16""","F1820","White","20",""
"Houndstooth","FB-910","houndstooth","Mirroring the timeless elegance of classic tailoring, this blend relies on a sophisticated interplay of deep black, pristine white, and balancing grays. Houndstooth creates a sleek, dignified atmosphere that pairs naturally to anchor any vibrant accent color or soft pastel environment.","1/4"" | 1/8"" | 1/16""","F9903","Online","20",""
"Houndstooth","FB-910","houndstooth","Mirroring the timeless elegance of classic tailoring, this blend relies on a sophisticated interplay of deep black, pristine white, and balancing grays. Houndstooth creates a sleek, dignified atmosphere that pairs naturally to anchor any vibrant accent color or soft pastel environment.","1/4"" | 1/8"" | 1/16""","F9958","Alpaca White","20",""
"Dovetail","FB-823","dovetail","Drawing inspiration from natural mineral deposits, this clean blend synthesizes soft bark browns, misty grays, and bright whites.Dovetail creates a serene, grounded atmosphere that pairs exquisitely with soft taupes, linen-colored tones, and warm neutrals.","1/4"" | 1/8"" | 1/16""","F9800","Sommelier","20",""
"Dovetail","FB-823","dovetail","Drawing inspiration from natural mineral deposits, this clean blend synthesizes soft bark browns, misty grays, and bright whites.Dovetail creates a serene, grounded atmosphere that pairs exquisitely with soft taupes, linen-colored tones, and warm neutrals.","1/4"" | 1/8"" | 1/16""","F9801","Dolphin","20",""
"Dovetail","FB-823","dovetail","Drawing inspiration from natural mineral deposits, this clean blend synthesizes soft bark browns, misty grays, and bright whites.Dovetail creates a serene, grounded atmosphere that pairs exquisitely with soft taupes, linen-colored tones, and warm neutrals.","1/4"" | 1/8"" | 1/16""","F9958","Alpaca White","20",""
"Dovetail","FB-823","dovetail","Drawing inspiration from natural mineral deposits, this clean blend synthesizes soft bark browns, misty grays, and bright whites.Dovetail creates a serene, grounded atmosphere that pairs exquisitely with soft taupes, linen-colored tones, and warm neutrals.","1/4"" | 1/8"" | 1/16""","F9959","Antique White","20",""
"Dovetail","FB-823","dovetail","Drawing inspiration from natural mineral deposits, this clean blend synthesizes soft bark browns, misty grays, and bright whites.Dovetail creates a serene, grounded atmosphere that pairs exquisitely with soft taupes, linen-colored tones, and warm neutrals.","1/4"" | 1/8"" | 1/16""","F9987","Stone","20",""
"Sycamore","FB-6002","sycamore","Sycamore carries the mottled gray and warm tones of the distinctive bark it&#039;s named for — a naturally varied color that moves between cool gray and warm undertones with the easy, organic character of weathered wood. DISCLAIMER: TORGINOL® Marble Flake and Variecolored Flake may vary slightly from lot-to-lot due to inherent limitations in the manufacturing process. To ensure optimal color consistency when using multiple lots, variegated colors should be intermixed prior to use. FOR INDOOR USE ONLY","1/4"" | 1/8"" | 1/16""","F9303","Pumice","35",""
"Sycamore","FB-6002","sycamore","Sycamore carries the mottled gray and warm tones of the distinctive bark it&#039;s named for — a naturally varied color that moves between cool gray and warm undertones with the easy, organic character of weathered wood. DISCLAIMER: TORGINOL® Marble Flake and Variecolored Flake may vary slightly from lot-to-lot due to inherent limitations in the manufacturing process. To ensure optimal color consistency when using multiple lots, variegated colors should be intermixed prior to use. FOR INDOOR USE ONLY","1/4"" | 1/8"" | 1/16""","F9304","Obsidian","10",""
"Sycamore","FB-6002","sycamore","Sycamore carries the mottled gray and warm tones of the distinctive bark it&#039;s named for — a naturally varied color that moves between cool gray and warm undertones with the easy, organic character of weathered wood. DISCLAIMER: TORGINOL® Marble Flake and Variecolored Flake may vary slightly from lot-to-lot due to inherent limitations in the manufacturing process. To ensure optimal color consistency when using multiple lots, variegated colors should be intermixed prior to use. FOR INDOOR USE ONLY","1/4"" | 1/8"" | 1/16""","F9311","Dolerite","55",""
"Pumice","F9303","pumice","Mimicking the quiet beauty of volcanic minerals, this selection features an organic family of light, warm browns to deliver an instantly neutral presence. Pumice fosters a cozy, comforting environment that pairs naturally with other warm earth tones. DISCLAIMER: TORGINOL® Marble Flake and Varicolored Flake may vary slightly from lot-to-lot due to inherent limitations in the manufacturing process. To ensure optimal color consistency when using multiple lots, variegated colors should be intermixed prior to use.","1/4"" | 1/8"" | 1/16""","","","","No Made Up Of section found on page"
"Creekbed","FB-716","creekbed","Inspired by the organic beauty of a sunlit stream, Creekbed layers rich brown, mineral gray, and clean white with subtle red and yellow undertones. It captures a peaceful, naturalist atmosphere that harmonizes beautifully with forest greens, raw timber tones, and warm, golden lighting.","1/4"" | 1/8"" | 1/16""","F1000","Adobe Beige","3",""
"Creekbed","FB-716","creekbed","Inspired by the organic beauty of a sunlit stream, Creekbed layers rich brown, mineral gray, and clean white with subtle red and yellow undertones. It captures a peaceful, naturalist atmosphere that harmonizes beautifully with forest greens, raw timber tones, and warm, golden lighting.","1/4"" | 1/8"" | 1/16""","F1100","Cocoa Brown","3",""
"Creekbed","FB-716","creekbed","Inspired by the organic beauty of a sunlit stream, Creekbed layers rich brown, mineral gray, and clean white with subtle red and yellow undertones. It captures a peaceful, naturalist atmosphere that harmonizes beautifully with forest greens, raw timber tones, and warm, golden lighting.","1/4"" | 1/8"" | 1/16""","F5115","Putty","3",""
"Creekbed","FB-716","creekbed","Inspired by the organic beauty of a sunlit stream, Creekbed layers rich brown, mineral gray, and clean white with subtle red and yellow undertones. It captures a peaceful, naturalist atmosphere that harmonizes beautifully with forest greens, raw timber tones, and warm, golden lighting.","1/4"" | 1/8"" | 1/16""","F5116","Wigwam","25",""
"Creekbed","FB-716","creekbed","Inspired by the organic beauty of a sunlit stream, Creekbed layers rich brown, mineral gray, and clean white with subtle red and yellow undertones. It captures a peaceful, naturalist atmosphere that harmonizes beautifully with forest greens, raw timber tones, and warm, golden lighting.","1/4"" | 1/8"" | 1/16""","F5306","Porpoise","3",""
"Creekbed","FB-716","creekbed","Inspired by the organic beauty of a sunlit stream, Creekbed layers rich brown, mineral gray, and clean white with subtle red and yellow undertones. It captures a peaceful, naturalist atmosphere that harmonizes beautifully with forest greens, raw timber tones, and warm, golden lighting.","1/4"" | 1/8"" | 1/16""","F5305","Tabu","10",""
"Creekbed","FB-716","creekbed","Inspired by the organic beauty of a sunlit stream, Creekbed layers rich brown, mineral gray, and clean white with subtle red and yellow undertones. It captures a peaceful, naturalist atmosphere that harmonizes beautifully with forest greens, raw timber tones, and warm, golden lighting.","1/4"" | 1/8"" | 1/16""","F9959","Antique White","25",""
"Creekbed","FB-716","creekbed","Inspired by the organic beauty of a sunlit stream, Creekbed layers rich brown, mineral gray, and clean white with subtle red and yellow undertones. It captures a peaceful, naturalist atmosphere that harmonizes beautifully with forest greens, raw timber tones, and warm, golden lighting.","1/4"" | 1/8"" | 1/16""","F9982","Gravy","3",""
"Creekbed","FB-716","creekbed","Inspired by the organic beauty of a sunlit stream, Creekbed layers rich brown, mineral gray, and clean white with subtle red and yellow undertones. It captures a peaceful, naturalist atmosphere that harmonizes beautifully with forest greens, raw timber tones, and warm, golden lighting.","1/4"" | 1/8"" | 1/16""","F9987","Stone","25",""
"Mushroom","FB-714","mushroom","Drawing inspiration from quiet woodland floors, this clean composition balances soft bark browns and misty gray tones. Mushroom creates a serene, grounded atmosphere.","1/4"" | 1/8"" | 1/16""","F1425","Ivory","39",""
"Mushroom","FB-714","mushroom","Drawing inspiration from quiet woodland floors, this clean composition balances soft bark browns and misty gray tones. Mushroom creates a serene, grounded atmosphere.","1/4"" | 1/8"" | 1/16""","F5114","Ebony","15",""
"Mushroom","FB-714","mushroom","Drawing inspiration from quiet woodland floors, this clean composition balances soft bark browns and misty gray tones. Mushroom creates a serene, grounded atmosphere.","1/4"" | 1/8"" | 1/16""","F5116","Wigwam","15",""
"Mushroom","FB-714","mushroom","Drawing inspiration from quiet woodland floors, this clean composition balances soft bark browns and misty gray tones. Mushroom creates a serene, grounded atmosphere.","1/4"" | 1/8"" | 1/16""","F9801","Dolphin","15",""
"Mushroom","FB-714","mushroom","Drawing inspiration from quiet woodland floors, this clean composition balances soft bark browns and misty gray tones. Mushroom creates a serene, grounded atmosphere.","1/4"" | 1/8"" | 1/16""","F9957","Taupe","15",""
"Mushroom","FB-714","mushroom","Drawing inspiration from quiet woodland floors, this clean composition balances soft bark browns and misty gray tones. Mushroom creates a serene, grounded atmosphere.","1/4"" | 1/8"" | 1/16""","F6607","Clay","1",""
"Polar","FB-330","polar","Inspired by frozen glacial landscapes, this formulation layers cool winter blues and frosty grays with clean white highlights. Polar delivers a refreshing, modern atmosphere that beautifully complements cool slate elements, silver accents, and stark whites.","1/4"" | 1/8"" | 1/16""","F1090","Charcoal","20",""
"Polar","FB-330","polar","Inspired by frozen glacial landscapes, this formulation layers cool winter blues and frosty grays with clean white highlights. Polar delivers a refreshing, modern atmosphere that beautifully complements cool slate elements, silver accents, and stark whites.","1/4"" | 1/8"" | 1/16""","F1410","Granite","20",""
"Polar","FB-330","polar","Inspired by frozen glacial landscapes, this formulation layers cool winter blues and frosty grays with clean white highlights. Polar delivers a refreshing, modern atmosphere that beautifully complements cool slate elements, silver accents, and stark whites.","1/4"" | 1/8"" | 1/16""","F1415","Graphite","20",""
"Polar","FB-330","polar","Inspired by frozen glacial landscapes, this formulation layers cool winter blues and frosty grays with clean white highlights. Polar delivers a refreshing, modern atmosphere that beautifully complements cool slate elements, silver accents, and stark whites.","1/4"" | 1/8"" | 1/16""","F1480","Medium Gray","20",""
"Polar","FB-330","polar","Inspired by frozen glacial landscapes, this formulation layers cool winter blues and frosty grays with clean white highlights. Polar delivers a refreshing, modern atmosphere that beautifully complements cool slate elements, silver accents, and stark whites.","1/4"" | 1/8"" | 1/16""","F1800","Whisper Gray","20",""
"Madras","FB-706","madras","Combining rich timber browns and stabilizing stone grays, this grounded blend, Madras, creates an instantly welcoming and cozy environment. The organic color family acts as a beautiful companion to natural wood grains and soft beige room accents.","1/4"" | 1/8"" | 1/16""","F5116","Wigwam","40",""
"Madras","FB-706","madras","Combining rich timber browns and stabilizing stone grays, this grounded blend, Madras, creates an instantly welcoming and cozy environment. The organic color family acts as a beautiful companion to natural wood grains and soft beige room accents.","1/4"" | 1/8"" | 1/16""","F9801","Dolphin","30",""
"Madras","FB-706","madras","Combining rich timber browns and stabilizing stone grays, this grounded blend, Madras, creates an instantly welcoming and cozy environment. The organic color family acts as a beautiful companion to natural wood grains and soft beige room accents.","1/4"" | 1/8"" | 1/16""","F9957","Taupe","15",""
"Madras","FB-706","madras","Combining rich timber browns and stabilizing stone grays, this grounded blend, Madras, creates an instantly welcoming and cozy environment. The organic color family acts as a beautiful companion to natural wood grains and soft beige room accents.","1/4"" | 1/8"" | 1/16""","F9958","Alpaca White","15",""
"Oasis","FB-712","oasis","Oasis is a balanced flake blend that relies on a classic family of organic browns, soft grays, and clean white tones to establish a welcoming presence. It fosters a cozy, comforting atmosphere.","1/4"" | 1/8"" | 1/16""","F1000","Adobe Beige","5",""
"Oasis","FB-712","oasis","Oasis is a balanced flake blend that relies on a classic family of organic browns, soft grays, and clean white tones to establish a welcoming presence. It fosters a cozy, comforting atmosphere.","1/4"" | 1/8"" | 1/16""","F1425","Ivory","7",""
"Oasis","FB-712","oasis","Oasis is a balanced flake blend that relies on a classic family of organic browns, soft grays, and clean white tones to establish a welcoming presence. It fosters a cozy, comforting atmosphere.","1/4"" | 1/8"" | 1/16""","F1780","Scone","8",""
"Oasis","FB-712","oasis","Oasis is a balanced flake blend that relies on a classic family of organic browns, soft grays, and clean white tones to establish a welcoming presence. It fosters a cozy, comforting atmosphere.","1/4"" | 1/8"" | 1/16""","F5116","Wigwam","5",""
"Oasis","FB-712","oasis","Oasis is a balanced flake blend that relies on a classic family of organic browns, soft grays, and clean white tones to establish a welcoming presence. It fosters a cozy, comforting atmosphere.","1/4"" | 1/8"" | 1/16""","F9801","Dolphin","5",""
"Oasis","FB-712","oasis","Oasis is a balanced flake blend that relies on a classic family of organic browns, soft grays, and clean white tones to establish a welcoming presence. It fosters a cozy, comforting atmosphere.","1/4"" | 1/8"" | 1/16""","F9961","Functional Gray","5",""
"Oasis","FB-712","oasis","Oasis is a balanced flake blend that relies on a classic family of organic browns, soft grays, and clean white tones to establish a welcoming presence. It fosters a cozy, comforting atmosphere.","1/4"" | 1/8"" | 1/16""","F9987","Stone","65",""
"Galaxy","FB-907","galaxy","This clean, modern composition relies entirely on a carefully calculated gradient of sophisticated gray tones. Galaxy creates a seamless, minimalist atmosphere that offers incredible versatility, pairing effortlessly with any vibrant accent color or rich wood tone in the room.","1/4"" | 1/8"" | 1/16""","F1800","Whisper Gray","30",""
"Galaxy","FB-907","galaxy","This clean, modern composition relies entirely on a carefully calculated gradient of sophisticated gray tones. Galaxy creates a seamless, minimalist atmosphere that offers incredible versatility, pairing effortlessly with any vibrant accent color or rich wood tone in the room.","1/4"" | 1/8"" | 1/16""","F5920","Cyberspace","5",""
"Galaxy","FB-907","galaxy","This clean, modern composition relies entirely on a carefully calculated gradient of sophisticated gray tones. Galaxy creates a seamless, minimalist atmosphere that offers incredible versatility, pairing effortlessly with any vibrant accent color or rich wood tone in the room.","1/4"" | 1/8"" | 1/16""","F9903","Online","60",""
"Galaxy","FB-907","galaxy","This clean, modern composition relies entirely on a carefully calculated gradient of sophisticated gray tones. Galaxy creates a seamless, minimalist atmosphere that offers incredible versatility, pairing effortlessly with any vibrant accent color or rich wood tone in the room.","1/4"" | 1/8"" | 1/16""","F9959","Antique White","5",""
"Wren","FB-970","wren","Delivering a welcoming, grounded aesthetic, Wren blends brown, black, gray, orange, purple tones to create depth and texture. Ideal for residential and commercial spaces, Wren pairs naturally with modern finishes for a durable, elevated finish.","1/4"" | 1/8"" | 1/16""","F9801","Dolphin","15",""
"Wren","FB-970","wren","Delivering a welcoming, grounded aesthetic, Wren blends brown, black, gray, orange, purple tones to create depth and texture. Ideal for residential and commercial spaces, Wren pairs naturally with modern finishes for a durable, elevated finish.","1/4"" | 1/8"" | 1/16""","F9902","Black Iron Oxide","14",""
"Wren","FB-970","wren","Delivering a welcoming, grounded aesthetic, Wren blends brown, black, gray, orange, purple tones to create depth and texture. Ideal for residential and commercial spaces, Wren pairs naturally with modern finishes for a durable, elevated finish.","1/4"" | 1/8"" | 1/16""","F1320","Fawn","14",""
"Wren","FB-970","wren","Delivering a welcoming, grounded aesthetic, Wren blends brown, black, gray, orange, purple tones to create depth and texture. Ideal for residential and commercial spaces, Wren pairs naturally with modern finishes for a durable, elevated finish.","1/4"" | 1/8"" | 1/16""","F6601","Buff","15",""
"Wren","FB-970","wren","Delivering a welcoming, grounded aesthetic, Wren blends brown, black, gray, orange, purple tones to create depth and texture. Ideal for residential and commercial spaces, Wren pairs naturally with modern finishes for a durable, elevated finish.","1/4"" | 1/8"" | 1/16""","F9957","Taupe","14",""
"Wren","FB-970","wren","Delivering a welcoming, grounded aesthetic, Wren blends brown, black, gray, orange, purple tones to create depth and texture. Ideal for residential and commercial spaces, Wren pairs naturally with modern finishes for a durable, elevated finish.","1/4"" | 1/8"" | 1/16""","F9975","Raisin","14",""
"Wren","FB-970","wren","Delivering a welcoming, grounded aesthetic, Wren blends brown, black, gray, orange, purple tones to create depth and texture. Ideal for residential and commercial spaces, Wren pairs naturally with modern finishes for a durable, elevated finish.","1/4"" | 1/8"" | 1/16""","F5303","Cappuccino","14",""
"Loon","FB-966","loon","Inspired by the striking plumage of woodland waterfowl, this blend harmonizes rich browns, deep black, slate grays, and crisp white accents. Loon provides a confident, grounded atmosphere.","1/4"" | 1/8"" | 1/16""","F1000","Adobe Beige","13","percentages sum to 104"
"Loon","FB-966","loon","Inspired by the striking plumage of woodland waterfowl, this blend harmonizes rich browns, deep black, slate grays, and crisp white accents. Loon provides a confident, grounded atmosphere.","1/4"" | 1/8"" | 1/16""","F1820","White","13","percentages sum to 104"
"Loon","FB-966","loon","Inspired by the striking plumage of woodland waterfowl, this blend harmonizes rich browns, deep black, slate grays, and crisp white accents. Loon provides a confident, grounded atmosphere.","1/4"" | 1/8"" | 1/16""","F5920","Cyberspace","13","percentages sum to 104"
"Loon","FB-966","loon","Inspired by the striking plumage of woodland waterfowl, this blend harmonizes rich browns, deep black, slate grays, and crisp white accents. Loon provides a confident, grounded atmosphere.","1/4"" | 1/8"" | 1/16""","F9902","Black Iron Oxide","13","percentages sum to 104"
"Loon","FB-966","loon","Inspired by the striking plumage of woodland waterfowl, this blend harmonizes rich browns, deep black, slate grays, and crisp white accents. Loon provides a confident, grounded atmosphere.","1/4"" | 1/8"" | 1/16""","F6601","Buff","13","percentages sum to 104"
"Loon","FB-966","loon","Inspired by the striking plumage of woodland waterfowl, this blend harmonizes rich browns, deep black, slate grays, and crisp white accents. Loon provides a confident, grounded atmosphere.","1/4"" | 1/8"" | 1/16""","F9986","Eggshell","13","percentages sum to 104"
"Loon","FB-966","loon","Inspired by the striking plumage of woodland waterfowl, this blend harmonizes rich browns, deep black, slate grays, and crisp white accents. Loon provides a confident, grounded atmosphere.","1/4"" | 1/8"" | 1/16""","F9911","Fossil","13","percentages sum to 104"
"Loon","FB-966","loon","Inspired by the striking plumage of woodland waterfowl, this blend harmonizes rich browns, deep black, slate grays, and crisp white accents. Loon provides a confident, grounded atmosphere.","1/4"" | 1/8"" | 1/16""","F5116","Wigwam","13","percentages sum to 104"
"Comet","FB-711","comet","Like a brilliant streak across a night sky, this clean blend captures the eye with its stark black, deep gray, and snowy white tones, accented by cosmic blue. Comet sets a modern, cool-toned atmosphere that complements rich sapphire decor and bright metallic room details beautifully.","1/4"" | 1/8"" | 1/16""","F1050","Black","10",""
"Comet","FB-711","comet","Like a brilliant streak across a night sky, this clean blend captures the eye with its stark black, deep gray, and snowy white tones, accented by cosmic blue. Comet sets a modern, cool-toned atmosphere that complements rich sapphire decor and bright metallic room details beautifully.","1/4"" | 1/8"" | 1/16""","F1820","White","20",""
"Comet","FB-711","comet","Like a brilliant streak across a night sky, this clean blend captures the eye with its stark black, deep gray, and snowy white tones, accented by cosmic blue. Comet sets a modern, cool-toned atmosphere that complements rich sapphire decor and bright metallic room details beautifully.","1/4"" | 1/8"" | 1/16""","F6606","Neutral Gray","20",""
"Comet","FB-711","comet","Like a brilliant streak across a night sky, this clean blend captures the eye with its stark black, deep gray, and snowy white tones, accented by cosmic blue. Comet sets a modern, cool-toned atmosphere that complements rich sapphire decor and bright metallic room details beautifully.","1/4"" | 1/8"" | 1/16""","F6621","Stormy Blue","20",""
"Comet","FB-711","comet","Like a brilliant streak across a night sky, this clean blend captures the eye with its stark black, deep gray, and snowy white tones, accented by cosmic blue. Comet sets a modern, cool-toned atmosphere that complements rich sapphire decor and bright metallic room details beautifully.","1/4"" | 1/8"" | 1/16""","F9958","Alpaca White","20",""
"Comet","FB-711","comet","Like a brilliant streak across a night sky, this clean blend captures the eye with its stark black, deep gray, and snowy white tones, accented by cosmic blue. Comet sets a modern, cool-toned atmosphere that complements rich sapphire decor and bright metallic room details beautifully.","1/4"" | 1/8"" | 1/16""","F6604","Primary Blue","10",""
"Domino","FB-411","domino","Mirroring a sophisticated tailored style, this crisp blend relies on a timeless interplay of bold black, pristine white, and balancing grays. Domino establishes a sleek, modern atmosphere that effortlessly complements stark white environments and polished silver tones.","1/4"" | 1/8"" | 1/16""","F1050","Black","33","percentages sum to 99"
"Domino","FB-411","domino","Mirroring a sophisticated tailored style, this crisp blend relies on a timeless interplay of bold black, pristine white, and balancing grays. Domino establishes a sleek, modern atmosphere that effortlessly complements stark white environments and polished silver tones.","1/4"" | 1/8"" | 1/16""","F1410","Granite","33","percentages sum to 99"
"Domino","FB-411","domino","Mirroring a sophisticated tailored style, this crisp blend relies on a timeless interplay of bold black, pristine white, and balancing grays. Domino establishes a sleek, modern atmosphere that effortlessly complements stark white environments and polished silver tones.","1/4"" | 1/8"" | 1/16""","F1820","White","33","percentages sum to 99"
"Outback","FB-517","outback","Reflecting the sun-baked landscapes of the desert, this grounded palette unites rich browns, charcoal black, and stark white with energetic splashes of rustic orange. Outback brings a warm, welcoming atmosphere.","1/4"" | 1/8"" | 1/16""","F1040","Autumn Brown","20",""
"Outback","FB-517","outback","Reflecting the sun-baked landscapes of the desert, this grounded palette unites rich browns, charcoal black, and stark white with energetic splashes of rustic orange. Outback brings a warm, welcoming atmosphere.","1/4"" | 1/8"" | 1/16""","F1050","Black","10",""
"Outback","FB-517","outback","Reflecting the sun-baked landscapes of the desert, this grounded palette unites rich browns, charcoal black, and stark white with energetic splashes of rustic orange. Outback brings a warm, welcoming atmosphere.","1/4"" | 1/8"" | 1/16""","F1060","Brown","10",""
"Outback","FB-517","outback","Reflecting the sun-baked landscapes of the desert, this grounded palette unites rich browns, charcoal black, and stark white with energetic splashes of rustic orange. Outback brings a warm, welcoming atmosphere.","1/4"" | 1/8"" | 1/16""","F1770","Salmon","15",""
"Outback","FB-517","outback","Reflecting the sun-baked landscapes of the desert, this grounded palette unites rich browns, charcoal black, and stark white with energetic splashes of rustic orange. Outback brings a warm, welcoming atmosphere.","1/4"" | 1/8"" | 1/16""","F1785","Tan","35",""
"Outback","FB-517","outback","Reflecting the sun-baked landscapes of the desert, this grounded palette unites rich browns, charcoal black, and stark white with energetic splashes of rustic orange. Outback brings a warm, welcoming atmosphere.","1/4"" | 1/8"" | 1/16""","F1820","White","10",""
"Dingo",,"dingo","Inspired by the sun-baked outback, this grounded palette unites rich browns, stone grays, warm oranges, and rustic reds. Dingo delivers a cozy, welcoming atmosphere that pairs naturally to anchor earthy terracottas, warm leather tones, and cream environments.","1/4"" | 1/8"" | 1/16""","F6606","Neutral Gray","11",""
"Dingo",,"dingo","Inspired by the sun-baked outback, this grounded palette unites rich browns, stone grays, warm oranges, and rustic reds. Dingo delivers a cozy, welcoming atmosphere that pairs naturally to anchor earthy terracottas, warm leather tones, and cream environments.","1/4"" | 1/8"" | 1/16""","F1090","Charcoal","11",""
"Dingo",,"dingo","Inspired by the sun-baked outback, this grounded palette unites rich browns, stone grays, warm oranges, and rustic reds. Dingo delivers a cozy, welcoming atmosphere that pairs naturally to anchor earthy terracottas, warm leather tones, and cream environments.","1/4"" | 1/8"" | 1/16""","F1410","Granite","11",""
"Dingo",,"dingo","Inspired by the sun-baked outback, this grounded palette unites rich browns, stone grays, warm oranges, and rustic reds. Dingo delivers a cozy, welcoming atmosphere that pairs naturally to anchor earthy terracottas, warm leather tones, and cream environments.","1/4"" | 1/8"" | 1/16""","F6601","Buff","11",""
"Dingo",,"dingo","Inspired by the sun-baked outback, this grounded palette unites rich browns, stone grays, warm oranges, and rustic reds. Dingo delivers a cozy, welcoming atmosphere that pairs naturally to anchor earthy terracottas, warm leather tones, and cream environments.","1/4"" | 1/8"" | 1/16""","F9903","Online","12",""
"Dingo",,"dingo","Inspired by the sun-baked outback, this grounded palette unites rich browns, stone grays, warm oranges, and rustic reds. Dingo delivers a cozy, welcoming atmosphere that pairs naturally to anchor earthy terracottas, warm leather tones, and cream environments.","1/4"" | 1/8"" | 1/16""","F1770","Salmon","11",""
"Dingo",,"dingo","Inspired by the sun-baked outback, this grounded palette unites rich browns, stone grays, warm oranges, and rustic reds. Dingo delivers a cozy, welcoming atmosphere that pairs naturally to anchor earthy terracottas, warm leather tones, and cream environments.","1/4"" | 1/8"" | 1/16""","F9957","Taupe","11",""
"Dingo",,"dingo","Inspired by the sun-baked outback, this grounded palette unites rich browns, stone grays, warm oranges, and rustic reds. Dingo delivers a cozy, welcoming atmosphere that pairs naturally to anchor earthy terracottas, warm leather tones, and cream environments.","1/4"" | 1/8"" | 1/16""","F1640","Patio Red","11",""
"Dingo",,"dingo","Inspired by the sun-baked outback, this grounded palette unites rich browns, stone grays, warm oranges, and rustic reds. Dingo delivers a cozy, welcoming atmosphere that pairs naturally to anchor earthy terracottas, warm leather tones, and cream environments.","1/4"" | 1/8"" | 1/16""","F6607","Clay","11",""
"Safari",,"safari","This comforting palette relies on a multi-toned family of rich, organic browns to deliver an instantly welcoming presence. Safari fosters a cozy, comforting atmosphere.","1/4"" | 1/8"" | 1/16""","F1000","Adobe Beige","5",""
"Safari",,"safari","This comforting palette relies on a multi-toned family of rich, organic browns to deliver an instantly welcoming presence. Safari fosters a cozy, comforting atmosphere.","1/4"" | 1/8"" | 1/16""","F1045","Beige","35",""
"Safari",,"safari","This comforting palette relies on a multi-toned family of rich, organic browns to deliver an instantly welcoming presence. Safari fosters a cozy, comforting atmosphere.","1/4"" | 1/8"" | 1/16""","F1060","Brown","5",""
"Safari",,"safari","This comforting palette relies on a multi-toned family of rich, organic browns to deliver an instantly welcoming presence. Safari fosters a cozy, comforting atmosphere.","1/4"" | 1/8"" | 1/16""","F9954","Caramel","55",""
"Sable",,"sable","Sable draws from the deep, rich brown of the forest-dwelling marten that bears its name — a muted warm neutral with marble-like variation that moves through warm, organic brown with natural, understated richness. DISCLAIMER: TORGINOL® Marble Flake and Varicolored Flake may vary slightly from lot-to-lot due to inherent limitations in the manufacturing process. To ensure optimal color consistency when using multiple lots, variegated colors should be intermixed prior to use.","1/4"" | 1/8"" | 1/16""",,,,"No Made Up Of section found on page"
"Sedum",,"sedum","Inspired by low-growing botanical flora, this design-forward palette blends earthy grays and organic greens with unexpected flashes of soft pink. It introduces a fresh, artistic atmosphere.","","F6613","Sage","91",""
"Sedum",,"sedum","Inspired by low-growing botanical flora, this design-forward palette blends earthy grays and organic greens with unexpected flashes of soft pink. It introduces a fresh, artistic atmosphere.","","F9806","Chiffon","3",""
"Sedum",,"sedum","Inspired by low-growing botanical flora, this design-forward palette blends earthy grays and organic greens with unexpected flashes of soft pink. It introduces a fresh, artistic atmosphere.","","F1420","Hunter Green","3",""
"Sedum",,"sedum","Inspired by low-growing botanical flora, this design-forward palette blends earthy grays and organic greens with unexpected flashes of soft pink. It introduces a fresh, artistic atmosphere.","","F9801","Dolphin","3",""
"Current",,"current","Capturing the energy of a sunlit river, this blend interlaces fresh blue, slate gray, and crisp white with energetic splashes of yellow. Current creates an optimistic, modern atmosphere that pairs beautifully to warm up oak tones or sunny, open environments.","","F1480","Medium Gray","91",""
"Current",,"current","Capturing the energy of a sunlit river, this blend interlaces fresh blue, slate gray, and crisp white with energetic splashes of yellow. Current creates an optimistic, modern atmosphere that pairs beautifully to warm up oak tones or sunny, open environments.","","F9309","Basalt","5",""
"Current",,"current","Capturing the energy of a sunlit river, this blend interlaces fresh blue, slate gray, and crisp white with energetic splashes of yellow. Current creates an optimistic, modern atmosphere that pairs beautifully to warm up oak tones or sunny, open environments.","","F9801","Dolphin","2",""
"Current",,"current","Capturing the energy of a sunlit river, this blend interlaces fresh blue, slate gray, and crisp white with energetic splashes of yellow. Current creates an optimistic, modern atmosphere that pairs beautifully to warm up oak tones or sunny, open environments.","","F5920","Cyberspace","1",""
"Current",,"current","Capturing the energy of a sunlit river, this blend interlaces fresh blue, slate gray, and crisp white with energetic splashes of yellow. Current creates an optimistic, modern atmosphere that pairs beautifully to warm up oak tones or sunny, open environments.","","F9909","Sugar Cookie","1",""
"Crossbow",,"crossbow","This sophisticated blend combines rich woodland brown, bold black, and slate gray, brightened by clean white accents for a striking visual contrast. Crossbow provides a confident, grounded atmosphere that coordinates seamlessly with rich leather tones, warm charcoals, and bronze room environments.","1/4"" | 1/8"" | 1/16""","F1050","Black","10",""
"Crossbow",,"crossbow","This sophisticated blend combines rich woodland brown, bold black, and slate gray, brightened by clean white accents for a striking visual contrast. Crossbow provides a confident, grounded atmosphere that coordinates seamlessly with rich leather tones, warm charcoals, and bronze room environments.","1/4"" | 1/8"" | 1/16""","F1090","Charcoal","25",""
"Crossbow",,"crossbow","This sophisticated blend combines rich woodland brown, bold black, and slate gray, brightened by clean white accents for a striking visual contrast. Crossbow provides a confident, grounded atmosphere that coordinates seamlessly with rich leather tones, warm charcoals, and bronze room environments.","1/4"" | 1/8"" | 1/16""","F1410","Granite","25",""
"Crossbow",,"crossbow","This sophisticated blend combines rich woodland brown, bold black, and slate gray, brightened by clean white accents for a striking visual contrast. Crossbow provides a confident, grounded atmosphere that coordinates seamlessly with rich leather tones, warm charcoals, and bronze room environments.","1/4"" | 1/8"" | 1/16""","F1820","White","15",""
"Crossbow",,"crossbow","This sophisticated blend combines rich woodland brown, bold black, and slate gray, brightened by clean white accents for a striking visual contrast. Crossbow provides a confident, grounded atmosphere that coordinates seamlessly with rich leather tones, warm charcoals, and bronze room environments.","1/4"" | 1/8"" | 1/16""","F1160","Dove Gray","25",""
"Thunder",,"thunder","Capturing the majestic mood of a heavy summer storm, this modern selection weaves together deep blacks and stabilizing grays. Thunder introduces a bold, sophisticated atmosphere that effortlessly coordinates with both cool and high-contrast environments.","1/4"" | 1/8"" | 1/16""","F1800","Whisper Gray","5",""
"Thunder",,"thunder","Capturing the majestic mood of a heavy summer storm, this modern selection weaves together deep blacks and stabilizing grays. Thunder introduces a bold, sophisticated atmosphere that effortlessly coordinates with both cool and high-contrast environments.","1/4"" | 1/8"" | 1/16""","F5920","Cyberspace","30",""
"Thunder",,"thunder","Capturing the majestic mood of a heavy summer storm, this modern selection weaves together deep blacks and stabilizing grays. Thunder introduces a bold, sophisticated atmosphere that effortlessly coordinates with both cool and high-contrast environments.","1/4"" | 1/8"" | 1/16""","F9903","Online","60",""
"Thunder",,"thunder","Capturing the majestic mood of a heavy summer storm, this modern selection weaves together deep blacks and stabilizing grays. Thunder introduces a bold, sophisticated atmosphere that effortlessly coordinates with both cool and high-contrast environments.","1/4"" | 1/8"" | 1/16""","F9959","Antique White","5",""
"Stonewash",,"stonewash","Inspired by coastal landscapes, this serene palette blends peaceful greens and refreshing blues with clean white and stone gray highlights. Stonewash establishes a calm, naturalist atmosphere that breathes an airy, open, and fluid energy throughout an entire environment.","1/4"" | 1/8"" | 1/16""","F1130","Dark Blue","5",""
"Stonewash",,"stonewash","Inspired by coastal landscapes, this serene palette blends peaceful greens and refreshing blues with clean white and stone gray highlights. Stonewash establishes a calm, naturalist atmosphere that breathes an airy, open, and fluid energy throughout an entire environment.","1/4"" | 1/8"" | 1/16""","F6621","Stormy Blue","10",""
"Stonewash",,"stonewash","Inspired by coastal landscapes, this serene palette blends peaceful greens and refreshing blues with clean white and stone gray highlights. Stonewash establishes a calm, naturalist atmosphere that breathes an airy, open, and fluid energy throughout an entire environment.","1/4"" | 1/8"" | 1/16""","F9959","Antique White","25",""
"Stonewash",,"stonewash","Inspired by coastal landscapes, this serene palette blends peaceful greens and refreshing blues with clean white and stone gray highlights. Stonewash establishes a calm, naturalist atmosphere that breathes an airy, open, and fluid energy throughout an entire environment.","1/4"" | 1/8"" | 1/16""","F9972","Moody Blue","10",""
"Stonewash",,"stonewash","Inspired by coastal landscapes, this serene palette blends peaceful greens and refreshing blues with clean white and stone gray highlights. Stonewash establishes a calm, naturalist atmosphere that breathes an airy, open, and fluid energy throughout an entire environment.","1/4"" | 1/8"" | 1/16""","F9987","Stone","50",""
"Keystone",,"keystone","Replicating the enduring look of natural rock formations, this grounded composition layers rich browns, deep black, and stone grays. Keystone establishes a robust, welcoming atmosphere that pairs beautifully with rustic timber tones, copper details, and deep earth palettes.","1/4"" | 1/8"" | 1/16""","F1410","Granite","25",""
"Keystone",,"keystone","Replicating the enduring look of natural rock formations, this grounded composition layers rich browns, deep black, and stone grays. Keystone establishes a robust, welcoming atmosphere that pairs beautifully with rustic timber tones, copper details, and deep earth palettes.","1/4"" | 1/8"" | 1/16""","F1425","Ivory","5",""
"Keystone",,"keystone","Replicating the enduring look of natural rock formations, this grounded composition layers rich browns, deep black, and stone grays. Keystone establishes a robust, welcoming atmosphere that pairs beautifully with rustic timber tones, copper details, and deep earth palettes.","1/4"" | 1/8"" | 1/16""","F1800","Whisper Gray","20",""
"Keystone",,"keystone","Replicating the enduring look of natural rock formations, this grounded composition layers rich browns, deep black, and stone grays. Keystone establishes a robust, welcoming atmosphere that pairs beautifully with rustic timber tones, copper details, and deep earth palettes.","1/4"" | 1/8"" | 1/16""","F3000","Oahu Brown","20",""
"Keystone",,"keystone","Replicating the enduring look of natural rock formations, this grounded composition layers rich browns, deep black, and stone grays. Keystone establishes a robust, welcoming atmosphere that pairs beautifully with rustic timber tones, copper details, and deep earth palettes.","1/4"" | 1/8"" | 1/16""","F3080","Lanai Gray","20",""
"Keystone",,"keystone","Replicating the enduring look of natural rock formations, this grounded composition layers rich browns, deep black, and stone grays. Keystone establishes a robust, welcoming atmosphere that pairs beautifully with rustic timber tones, copper details, and deep earth palettes.","1/4"" | 1/8"" | 1/16""","F5114","Ebony","5",""
"Keystone",,"keystone","Replicating the enduring look of natural rock formations, this grounded composition layers rich browns, deep black, and stone grays. Keystone establishes a robust, welcoming atmosphere that pairs beautifully with rustic timber tones, copper details, and deep earth palettes.","1/4"" | 1/8"" | 1/16""","F9902","Black Iron Oxide","5",""
"Weathered Gray",,"weathered-gray","This clean composition relies entirely on a carefully calculated gradient of sophisticated gray tones to mimic morning mist. Weathered Gray creates a seamless, minimalist atmosphere that offers incredible versatility, pairing effortlessly with any surrounding color palette. DISCLAIMER: TORGINOL® Marble Flake and Variecolored Flake may vary slightly from lot-to-lot due to inherent limitations in the manufacturing process. To ensure optimal color consistency when using multiple lots, variegated colors should be intermixed prior to use. FOR INDOOR USE ONLY","1/4"" | 1/8"" | 1/16""","F3080","Lanai Gray","75",""
"Weathered Gray",,"weathered-gray","This clean composition relies entirely on a carefully calculated gradient of sophisticated gray tones to mimic morning mist. Weathered Gray creates a seamless, minimalist atmosphere that offers incredible versatility, pairing effortlessly with any surrounding color palette. DISCLAIMER: TORGINOL® Marble Flake and Variecolored Flake may vary slightly from lot-to-lot due to inherent limitations in the manufacturing process. To ensure optimal color consistency when using multiple lots, variegated colors should be intermixed prior to use. FOR INDOOR USE ONLY","1/4"" | 1/8"" | 1/16""","F9307","Schist","20",""
"Weathered Gray",,"weathered-gray","This clean composition relies entirely on a carefully calculated gradient of sophisticated gray tones to mimic morning mist. Weathered Gray creates a seamless, minimalist atmosphere that offers incredible versatility, pairing effortlessly with any surrounding color palette. DISCLAIMER: TORGINOL® Marble Flake and Variecolored Flake may vary slightly from lot-to-lot due to inherent limitations in the manufacturing process. To ensure optimal color consistency when using multiple lots, variegated colors should be intermixed prior to use. FOR INDOOR USE ONLY","1/4"" | 1/8"" | 1/16""","F9309","Basalt","5",""
"Shadow",,"shadow","This highly curated blend juxtaposes deep charcoal black and stark white against a balancing field of elegant grays to mimic casting silhouettes. Shadow fosters a clean, dignified atmosphere.","1/4"" | 1/8"" | 1/16""","F1090","Charcoal","85",""
"Shadow",,"shadow","This highly curated blend juxtaposes deep charcoal black and stark white against a balancing field of elegant grays to mimic casting silhouettes. Shadow fosters a clean, dignified atmosphere.","1/4"" | 1/8"" | 1/16""","F1800","Whisper Gray","5",""
"Shadow",,"shadow","This highly curated blend juxtaposes deep charcoal black and stark white against a balancing field of elegant grays to mimic casting silhouettes. Shadow fosters a clean, dignified atmosphere.","1/4"" | 1/8"" | 1/16""","F1820","White","5",""
"Shadow",,"shadow","This highly curated blend juxtaposes deep charcoal black and stark white against a balancing field of elegant grays to mimic casting silhouettes. Shadow fosters a clean, dignified atmosphere.","1/4"" | 1/8"" | 1/16""","F9903","Online","5",""
"Basalt",,"basalt","Basalt pulls directly from the cool gray-blue of volcanic stone — a composed cool neutral with real geological character that reads steadily in both bright and low ambient light. DISCLAIMER: TORGINOL® Marble Flake and Varicolored Flake may vary slightly from lot-to-lot due to inherent limitations in the manufacturing process. To ensure optimal color consistency when using multiple lots, variegated colors should be intermixed prior to use.","1/4"" | 1/8"" | 1/16""",,,,"No Made Up Of section found on page"
"Osprey",,"osprey","Inspired by the plumage of coastal birds, this balanced palette layers misty grays, refreshing blues, and earthy browns against a clean white canvas. It creates a calm, naturalist environment that coordinates perfectly to balance soft cream tones and weathered wood environments.","","F9960","Navajo Beige","45",""
"Osprey",,"osprey","Inspired by the plumage of coastal birds, this balanced palette layers misty grays, refreshing blues, and earthy browns against a clean white canvas. It creates a calm, naturalist environment that coordinates perfectly to balance soft cream tones and weathered wood environments.","","F5219","Sticks Stones","15",""
"Osprey",,"osprey","Inspired by the plumage of coastal birds, this balanced palette layers misty grays, refreshing blues, and earthy browns against a clean white canvas. It creates a calm, naturalist environment that coordinates perfectly to balance soft cream tones and weathered wood environments.","","F5305","Tabu","15",""
"Osprey",,"osprey","Inspired by the plumage of coastal birds, this balanced palette layers misty grays, refreshing blues, and earthy browns against a clean white canvas. It creates a calm, naturalist environment that coordinates perfectly to balance soft cream tones and weathered wood environments.","","F5306","Porpoise","10",""
"Osprey",,"osprey","Inspired by the plumage of coastal birds, this balanced palette layers misty grays, refreshing blues, and earthy browns against a clean white canvas. It creates a calm, naturalist environment that coordinates perfectly to balance soft cream tones and weathered wood environments.","","F1100","Cocoa Brown","5",""
"Osprey",,"osprey","Inspired by the plumage of coastal birds, this balanced palette layers misty grays, refreshing blues, and earthy browns against a clean white canvas. It creates a calm, naturalist environment that coordinates perfectly to balance soft cream tones and weathered wood environments.","","F1415","Graphite","5",""
"Osprey",,"osprey","Inspired by the plumage of coastal birds, this balanced palette layers misty grays, refreshing blues, and earthy browns against a clean white canvas. It creates a calm, naturalist environment that coordinates perfectly to balance soft cream tones and weathered wood environments.","","F9956","Khaki","5",""
"Metapelite",,"metapelite","Metapelite takes its name from the metamorphic rock formed under heat and pressure — a warm, colorful brown with the rich, layered variation of stone transformed by geological force. DISCLAIMER: TORGINOL® Marble Flake and Varicolored Flake may vary slightly from lot-to-lot due to inherent limitations in the manufacturing process. To ensure optimal color consistency when using multiple lots, variegated colors should be intermixed prior to use.","1/4"" | 1/8"" | 1/16""",,,,"No Made Up Of section found on page"
"Brickyard",,"brickyard","Drawing inspiration from industrial clay and terracotta, this welcoming blend, Brickyard, fuses classic rust red, charcoal gray, and warm brown tones. The robust color family pairs naturally to deepen a space dominated by weathered tones and rich earth palettes.","","F1780","Scone","45","percentages sum to 130"
"Brickyard",,"brickyard","Drawing inspiration from industrial clay and terracotta, this welcoming blend, Brickyard, fuses classic rust red, charcoal gray, and warm brown tones. The robust color family pairs naturally to deepen a space dominated by weathered tones and rich earth palettes.","","F5116","Wigwam","45","percentages sum to 130"
"Brickyard",,"brickyard","Drawing inspiration from industrial clay and terracotta, this welcoming blend, Brickyard, fuses classic rust red, charcoal gray, and warm brown tones. The robust color family pairs naturally to deepen a space dominated by weathered tones and rich earth palettes.","","F1000","Adobe Beige","15","percentages sum to 130"
"Brickyard",,"brickyard","Drawing inspiration from industrial clay and terracotta, this welcoming blend, Brickyard, fuses classic rust red, charcoal gray, and warm brown tones. The robust color family pairs naturally to deepen a space dominated by weathered tones and rich earth palettes.","","F9957","Taupe","5","percentages sum to 130"
"Brickyard",,"brickyard","Drawing inspiration from industrial clay and terracotta, this welcoming blend, Brickyard, fuses classic rust red, charcoal gray, and warm brown tones. The robust color family pairs naturally to deepen a space dominated by weathered tones and rich earth palettes.","","F1100","Cocoa Brown","5","percentages sum to 130"
"Brickyard",,"brickyard","Drawing inspiration from industrial clay and terracotta, this welcoming blend, Brickyard, fuses classic rust red, charcoal gray, and warm brown tones. The robust color family pairs naturally to deepen a space dominated by weathered tones and rich earth palettes.","","F1040","Autumn Brown","5","percentages sum to 130"
"Brickyard",,"brickyard","Drawing inspiration from industrial clay and terracotta, this welcoming blend, Brickyard, fuses classic rust red, charcoal gray, and warm brown tones. The robust color family pairs naturally to deepen a space dominated by weathered tones and rich earth palettes.","","F1060","Brown","5","percentages sum to 130"
"Brickyard",,"brickyard","Drawing inspiration from industrial clay and terracotta, this welcoming blend, Brickyard, fuses classic rust red, charcoal gray, and warm brown tones. The robust color family pairs naturally to deepen a space dominated by weathered tones and rich earth palettes.","","F9996","Redwood","5","percentages sum to 130"
"Wombat",,"wombat","This high-contrast palette anchors a sharp black and white foundation with a stabilizing gradient of elegant grays. Wombat fosters a clean, dignified atmosphere.","1/4"" | 1/8"" | 1/16""","F1050","Black","15",""
"Wombat",,"wombat","This high-contrast palette anchors a sharp black and white foundation with a stabilizing gradient of elegant grays. Wombat fosters a clean, dignified atmosphere.","1/4"" | 1/8"" | 1/16""","F1090","Charcoal","55",""
"Wombat",,"wombat","This high-contrast palette anchors a sharp black and white foundation with a stabilizing gradient of elegant grays. Wombat fosters a clean, dignified atmosphere.","1/4"" | 1/8"" | 1/16""","F1800","Whisper Gray","15",""
"Wombat",,"wombat","This high-contrast palette anchors a sharp black and white foundation with a stabilizing gradient of elegant grays. Wombat fosters a clean, dignified atmosphere.","1/4"" | 1/8"" | 1/16""","F1820","White","15",""
"Heron",,"heron","Inspired by coastal wetlands, this serene palette blends peaceful blues and stone grays with rich, earthy browns. Heron establishes a calm, naturalist atmosphere that harmonizes beautifully with soft creams, ocean-inspired tones, and weathered wood palettes.","1/4"" | 1/8"" | 1/16""","F1000","Adobe Beige","13","percentages sum to 104"
"Heron",,"heron","Inspired by coastal wetlands, this serene palette blends peaceful blues and stone grays with rich, earthy browns. Heron establishes a calm, naturalist atmosphere that harmonizes beautifully with soft creams, ocean-inspired tones, and weathered wood palettes.","1/4"" | 1/8"" | 1/16""","F9966","Morning Fog","13","percentages sum to 104"
"Heron",,"heron","Inspired by coastal wetlands, this serene palette blends peaceful blues and stone grays with rich, earthy browns. Heron establishes a calm, naturalist atmosphere that harmonizes beautifully with soft creams, ocean-inspired tones, and weathered wood palettes.","1/4"" | 1/8"" | 1/16""","F5920","Cyberspace","13","percentages sum to 104"
"Heron",,"heron","Inspired by coastal wetlands, this serene palette blends peaceful blues and stone grays with rich, earthy browns. Heron establishes a calm, naturalist atmosphere that harmonizes beautifully with soft creams, ocean-inspired tones, and weathered wood palettes.","1/4"" | 1/8"" | 1/16""","F9955","Battleship Gray","13","percentages sum to 104"
"Heron",,"heron","Inspired by coastal wetlands, this serene palette blends peaceful blues and stone grays with rich, earthy browns. Heron establishes a calm, naturalist atmosphere that harmonizes beautifully with soft creams, ocean-inspired tones, and weathered wood palettes.","1/4"" | 1/8"" | 1/16""","F6601","Buff","13","percentages sum to 104"
"Heron",,"heron","Inspired by coastal wetlands, this serene palette blends peaceful blues and stone grays with rich, earthy browns. Heron establishes a calm, naturalist atmosphere that harmonizes beautifully with soft creams, ocean-inspired tones, and weathered wood palettes.","1/4"" | 1/8"" | 1/16""","F1415","Graphite","13","percentages sum to 104"
"Heron",,"heron","Inspired by coastal wetlands, this serene palette blends peaceful blues and stone grays with rich, earthy browns. Heron establishes a calm, naturalist atmosphere that harmonizes beautifully with soft creams, ocean-inspired tones, and weathered wood palettes.","1/4"" | 1/8"" | 1/16""","F5306","Porpoise","13","percentages sum to 104"
"Heron",,"heron","Inspired by coastal wetlands, this serene palette blends peaceful blues and stone grays with rich, earthy browns. Heron establishes a calm, naturalist atmosphere that harmonizes beautifully with soft creams, ocean-inspired tones, and weathered wood palettes.","1/4"" | 1/8"" | 1/16""","F9911","Fossil","13","percentages sum to 104"
"Orbit",,"orbit","Capturing the cool mystery of the night sky, this blend weaves bold black, crisp white, and deep gray with cosmic blue tones. Orbit sets a modern, sleek atmosphere.","1/4"" | 1/8"" | 1/16""","F1050","Black","25",""
"Orbit",,"orbit","Capturing the cool mystery of the night sky, this blend weaves bold black, crisp white, and deep gray with cosmic blue tones. Orbit sets a modern, sleek atmosphere.","1/4"" | 1/8"" | 1/16""","F1480","Medium Gray","25",""
"Orbit",,"orbit","Capturing the cool mystery of the night sky, this blend weaves bold black, crisp white, and deep gray with cosmic blue tones. Orbit sets a modern, sleek atmosphere.","1/4"" | 1/8"" | 1/16""","F1790","True Blue","25",""
"Orbit",,"orbit","Capturing the cool mystery of the night sky, this blend weaves bold black, crisp white, and deep gray with cosmic blue tones. Orbit sets a modern, sleek atmosphere.","1/4"" | 1/8"" | 1/16""","F1820","White","25",""
"Woodland",,"woodland","Replicating the enduring look of dense forest soils, this grounded composition layers rich timber browns, deep black, and stone grays. Woodland establishes a robust, welcoming atmosphere that pairs naturally with warm earth tones.","1/4"" | 1/8"" | 1/16""","F1000","Adobe Beige","25",""
"Woodland",,"woodland","Replicating the enduring look of dense forest soils, this grounded composition layers rich timber browns, deep black, and stone grays. Woodland establishes a robust, welcoming atmosphere that pairs naturally with warm earth tones.","1/4"" | 1/8"" | 1/16""","F1050","Black","5",""
"Woodland",,"woodland","Replicating the enduring look of dense forest soils, this grounded composition layers rich timber browns, deep black, and stone grays. Woodland establishes a robust, welcoming atmosphere that pairs naturally with warm earth tones.","1/4"" | 1/8"" | 1/16""","F1100","Cocoa Brown","20",""
"Woodland",,"woodland","Replicating the enduring look of dense forest soils, this grounded composition layers rich timber browns, deep black, and stone grays. Woodland establishes a robust, welcoming atmosphere that pairs naturally with warm earth tones.","1/4"" | 1/8"" | 1/16""","F9960","Navajo Beige","20",""
"Woodland",,"woodland","Replicating the enduring look of dense forest soils, this grounded composition layers rich timber browns, deep black, and stone grays. Woodland establishes a robust, welcoming atmosphere that pairs naturally with warm earth tones.","1/4"" | 1/8"" | 1/16""","F1160","Dove Gray","20",""
"Woodland",,"woodland","Replicating the enduring look of dense forest soils, this grounded composition layers rich timber browns, deep black, and stone grays. Woodland establishes a robust, welcoming atmosphere that pairs naturally with warm earth tones.","1/4"" | 1/8"" | 1/16""","F6607","Clay","10",""
"Lanai Gray",,"lanai-gray","Lanai Gray draws from the deep, shadowed grays of volcanic stone — a dark, muted cool neutral with marble-like complexity that reads with composed, geological weight in any light condition. DISCLAIMER: TORGINOL® Marble Flake and Varicolored Flake may vary slightly from lot-to-lot due to inherent limitations in the manufacturing process. To ensure optimal color consistency when using multiple lots, variegated colors should be intermixed prior to use.","1/4"" | 1/8"" | 1/16""",,,,"No Made Up Of section found on page"
"Morel",,"morel","Mimicking the organic beauty of wild forest mushrooms, this grounded composition layers earthy browns, charcoal blacks, and stone grays. Morel establishes a comforting, natural environment that coordinates perfectly with warm taupes, creams, and organic tones.","1/4"" | 1/8"" | 1/16""","F5306","Porpoise","13","percentages sum to 103"
"Morel",,"morel","Mimicking the organic beauty of wild forest mushrooms, this grounded composition layers earthy browns, charcoal blacks, and stone grays. Morel establishes a comforting, natural environment that coordinates perfectly with warm taupes, creams, and organic tones.","1/4"" | 1/8"" | 1/16""","F9902","Black Iron Oxide","13","percentages sum to 103"
"Morel",,"morel","Mimicking the organic beauty of wild forest mushrooms, this grounded composition layers earthy browns, charcoal blacks, and stone grays. Morel establishes a comforting, natural environment that coordinates perfectly with warm taupes, creams, and organic tones.","1/4"" | 1/8"" | 1/16""","F5305","Tabu","25","percentages sum to 103"
"Morel",,"morel","Mimicking the organic beauty of wild forest mushrooms, this grounded composition layers earthy browns, charcoal blacks, and stone grays. Morel establishes a comforting, natural environment that coordinates perfectly with warm taupes, creams, and organic tones.","1/4"" | 1/8"" | 1/16""","F6601","Buff","13","percentages sum to 103"
"Morel",,"morel","Mimicking the organic beauty of wild forest mushrooms, this grounded composition layers earthy browns, charcoal blacks, and stone grays. Morel establishes a comforting, natural environment that coordinates perfectly with warm taupes, creams, and organic tones.","1/4"" | 1/8"" | 1/16""","F1100","Cocoa Brown","13","percentages sum to 103"
"Morel",,"morel","Mimicking the organic beauty of wild forest mushrooms, this grounded composition layers earthy browns, charcoal blacks, and stone grays. Morel establishes a comforting, natural environment that coordinates perfectly with warm taupes, creams, and organic tones.","1/4"" | 1/8"" | 1/16""","F9960","Navajo Beige","13","percentages sum to 103"
"Morel",,"morel","Mimicking the organic beauty of wild forest mushrooms, this grounded composition layers earthy browns, charcoal blacks, and stone grays. Morel establishes a comforting, natural environment that coordinates perfectly with warm taupes, creams, and organic tones.","1/4"" | 1/8"" | 1/16""","F1000","Adobe Beige","13","percentages sum to 103"
"Burrow",,"burrow","Balancing earthy soil browns and cool stone gray tones, this blend delivers a clean aesthetic with a highly grounded presence. Burrow pairs naturally with soft wheat tones, cool charcoals, and other organic color families to balance a space.","","F5252","Cement","45",""
"Burrow",,"burrow","Balancing earthy soil browns and cool stone gray tones, this blend delivers a clean aesthetic with a highly grounded presence. Burrow pairs naturally with soft wheat tones, cool charcoals, and other organic color families to balance a space.","","F1000","Adobe Beige","15",""
"Burrow",,"burrow","Balancing earthy soil browns and cool stone gray tones, this blend delivers a clean aesthetic with a highly grounded presence. Burrow pairs naturally with soft wheat tones, cool charcoals, and other organic color families to balance a space.","","F1100","Cocoa Brown","15",""
"Burrow",,"burrow","Balancing earthy soil browns and cool stone gray tones, this blend delivers a clean aesthetic with a highly grounded presence. Burrow pairs naturally with soft wheat tones, cool charcoals, and other organic color families to balance a space.","","F5219","Sticks Stones","15",""
"Burrow",,"burrow","Balancing earthy soil browns and cool stone gray tones, this blend delivers a clean aesthetic with a highly grounded presence. Burrow pairs naturally with soft wheat tones, cool charcoals, and other organic color families to balance a space.","","F5306","Porpoise","10",""
"Koala",,"koala","This clean composition relies entirely on a carefully calculated gradient of sophisticated, soft gray tones. Koala creates a seamless, minimalist atmosphere that offers incredible versatility, pairing effortlessly to soften any vibrant accent color or rich wood tone across a space.","1/4"" | 1/8"" | 1/16""","F1090","Charcoal","30",""
"Koala",,"koala","This clean composition relies entirely on a carefully calculated gradient of sophisticated, soft gray tones. Koala creates a seamless, minimalist atmosphere that offers incredible versatility, pairing effortlessly to soften any vibrant accent color or rich wood tone across a space.","1/4"" | 1/8"" | 1/16""","F6606","Neutral Gray","30",""
"Koala",,"koala","This clean composition relies entirely on a carefully calculated gradient of sophisticated, soft gray tones. Koala creates a seamless, minimalist atmosphere that offers incredible versatility, pairing effortlessly to soften any vibrant accent color or rich wood tone across a space.","1/4"" | 1/8"" | 1/16""","F9957","Taupe","10",""
"Koala",,"koala","This clean composition relies entirely on a carefully calculated gradient of sophisticated, soft gray tones. Koala creates a seamless, minimalist atmosphere that offers incredible versatility, pairing effortlessly to soften any vibrant accent color or rich wood tone across a space.","1/4"" | 1/8"" | 1/16""","F9961","Functional Gray","30",""
"Feldspar",,"feldspar","Feldspar takes its name from the mineral found in granite and igneous rock — a light, muted warm brown with natural variation and the honest, unpolished character of raw stone. DISCLAIMER: TORGINOL® Marble Flake and Varicolored Flake may vary slightly from lot-to-lot due to inherent limitations in the manufacturing process. To ensure optimal color consistency when using multiple lots, variegated colors should be intermixed prior to use.","1/4"" | 1/8"" | 1/16""",,,,"No Made Up Of section found on page"
"Java",,"java","This comforting palette relies on an organic family of rich, muted browns to deliver an instantly welcoming presence. Java fosters a cozy, comforting atmosphere that harmonizes perfectly with warm beige tones to establish a grounded, unified mood throughout a space.","","F1000","Adobe Beige","94",""
"Java",,"java","This comforting palette relies on an organic family of rich, muted browns to deliver an instantly welcoming presence. Java fosters a cozy, comforting atmosphere that harmonizes perfectly with warm beige tones to establish a grounded, unified mood throughout a space.","","F3000","Oahu Brown","2",""
"Java",,"java","This comforting palette relies on an organic family of rich, muted browns to deliver an instantly welcoming presence. Java fosters a cozy, comforting atmosphere that harmonizes perfectly with warm beige tones to establish a grounded, unified mood throughout a space.","","F1100","Cocoa Brown","2",""
"Java",,"java","This comforting palette relies on an organic family of rich, muted browns to deliver an instantly welcoming presence. Java fosters a cozy, comforting atmosphere that harmonizes perfectly with warm beige tones to establish a grounded, unified mood throughout a space.","","F6601","Buff","1",""
"Java",,"java","This comforting palette relies on an organic family of rich, muted browns to deliver an instantly welcoming presence. Java fosters a cozy, comforting atmosphere that harmonizes perfectly with warm beige tones to establish a grounded, unified mood throughout a space.","","F5219","Sticks Stones","1",""
"Fog",,"fog","Fog (FB-703) is a captivating flooring solution that captures the essence of misty and atmospheric landscapes. This exceptional product combines shades of gray, including variegated tones, to create a visually stunning and versatile floor.","1/4"" | 1/8"" | 1/16""","F1090","Charcoal","15",""
"Fog",,"fog","Fog (FB-703) is a captivating flooring solution that captures the essence of misty and atmospheric landscapes. This exceptional product combines shades of gray, including variegated tones, to create a visually stunning and versatile floor.","1/4"" | 1/8"" | 1/16""","F1410","Granite","10",""
"Fog",,"fog","Fog (FB-703) is a captivating flooring solution that captures the essence of misty and atmospheric landscapes. This exceptional product combines shades of gray, including variegated tones, to create a visually stunning and versatile floor.","1/4"" | 1/8"" | 1/16""","F1415","Graphite","10",""
"Fog",,"fog","Fog (FB-703) is a captivating flooring solution that captures the essence of misty and atmospheric landscapes. This exceptional product combines shades of gray, including variegated tones, to create a visually stunning and versatile floor.","1/4"" | 1/8"" | 1/16""","F3080","Lanai Gray","50",""
"Fog",,"fog","Fog (FB-703) is a captivating flooring solution that captures the essence of misty and atmospheric landscapes. This exceptional product combines shades of gray, including variegated tones, to create a visually stunning and versatile floor.","1/4"" | 1/8"" | 1/16""","F6606","Neutral Gray","15",""
"Frostbite",,"frostbite","Inspired by glacial landscapes, this formulation layers cool winter blues and frosty grays with sharp black and clean white highlights. Frostbite delivers a refreshing, modern atmosphere that beautifully complements cool slate elements, silver tones, and stark whites.","","F5182","Space Gray","82",""
"Frostbite",,"frostbite","Inspired by glacial landscapes, this formulation layers cool winter blues and frosty grays with sharp black and clean white highlights. Frostbite delivers a refreshing, modern atmosphere that beautifully complements cool slate elements, silver tones, and stark whites.","","F9959","Antique White","2",""
"Frostbite",,"frostbite","Inspired by glacial landscapes, this formulation layers cool winter blues and frosty grays with sharp black and clean white highlights. Frostbite delivers a refreshing, modern atmosphere that beautifully complements cool slate elements, silver tones, and stark whites.","","F1200","Dusk Blue","3",""
"Frostbite",,"frostbite","Inspired by glacial landscapes, this formulation layers cool winter blues and frosty grays with sharp black and clean white highlights. Frostbite delivers a refreshing, modern atmosphere that beautifully complements cool slate elements, silver tones, and stark whites.","","F5114","Ebony","3",""
"Frostbite",,"frostbite","Inspired by glacial landscapes, this formulation layers cool winter blues and frosty grays with sharp black and clean white highlights. Frostbite delivers a refreshing, modern atmosphere that beautifully complements cool slate elements, silver tones, and stark whites.","","F2563","Rhino Gray","5",""
"Frostbite",,"frostbite","Inspired by glacial landscapes, this formulation layers cool winter blues and frosty grays with sharp black and clean white highlights. Frostbite delivers a refreshing, modern atmosphere that beautifully complements cool slate elements, silver tones, and stark whites.","","F6606","Neutral Gray","5",""
"Voltage",,"voltage","This vibrant, multifaceted blend showcases an energetic interplay of deep blacks, stabilizing grays, royal blues, and bright yellow tones. Voltage establishes an adventurous, electric atmosphere that dramatically heightens the visual interest of low-light environments.","","F2510","Purple Gray","63",""
"Voltage",,"voltage","This vibrant, multifaceted blend showcases an energetic interplay of deep blacks, stabilizing grays, royal blues, and bright yellow tones. Voltage establishes an adventurous, electric atmosphere that dramatically heightens the visual interest of low-light environments.","","F5182","Space Gray","20",""
"Voltage",,"voltage","This vibrant, multifaceted blend showcases an energetic interplay of deep blacks, stabilizing grays, royal blues, and bright yellow tones. Voltage establishes an adventurous, electric atmosphere that dramatically heightens the visual interest of low-light environments.","","F1090","Charcoal","5",""
"Voltage",,"voltage","This vibrant, multifaceted blend showcases an energetic interplay of deep blacks, stabilizing grays, royal blues, and bright yellow tones. Voltage establishes an adventurous, electric atmosphere that dramatically heightens the visual interest of low-light environments.","","F5920","Cyberspace","5",""
"Voltage",,"voltage","This vibrant, multifaceted blend showcases an energetic interplay of deep blacks, stabilizing grays, royal blues, and bright yellow tones. Voltage establishes an adventurous, electric atmosphere that dramatically heightens the visual interest of low-light environments.","","F1050","Black","5",""
"Voltage",,"voltage","This vibrant, multifaceted blend showcases an energetic interplay of deep blacks, stabilizing grays, royal blues, and bright yellow tones. Voltage establishes an adventurous, electric atmosphere that dramatically heightens the visual interest of low-light environments.","","F1570","Mustard","2",""
"Obsidian",,"obsidian","This deeply comforting palette relies on a multi-toned family of rich, organic browns to deliver an instantly welcoming presence to a room. Obsidian fosters a cozy, comforting atmosphere that introduces a unified and tranquil flow across a space. DISCLAIMER: TORGINOL® Marble Flake and Varicolored Flake may vary slightly from lot-to-lot due to inherent limitations in the manufacturing process. To ensure optimal color consistency when using multiple lots, variegated colors should be intermixed prior to use.","1/4"" | 1/8"" | 1/16""",,,,"No Made Up Of section found on page"
"Dolerite",,"dolerite","Balancing earthy, greyish-brown soil tones, Dolerite delivers a clean aesthetic with a highly grounded presence. Dolerite pairs naturally with other organic color families to establish a unified and tranquil flow across a space. DISCLAIMER: TORGINOL® Marble Flake and Varicolored Flake may vary slightly from lot-to-lot due to inherent limitations in the manufacturing process. To ensure optimal color consistency when using multiple lots, variegated colors should be intermixed prior to use.","1/4"" | 1/8"" | 1/16""",,,,"No Made Up Of section found on page"
"Garnet",,"garnet","This deeply comforting palette relies on an organic family of rich, multifaceted brown tones to deliver an instantly welcoming presence. Garnet anchors a space with a cozy, comforting atmosphere that harmonizes naturally with warm earth tones and golden-hour lighting. DISCLAIMER: TORGINOL® Marble Flake and Varicolored Flake may vary slightly from lot-to-lot due to inherent limitations in the manufacturing process. To ensure optimal color consistency when using multiple lots, variegated colors should be intermixed prior to use.","1/4"" | 1/8"" | 1/16""",,,,"No Made Up Of section found on page"
"Merino",,"merino","A beautifully nuanced composition that gathers rich browns, charcoal blacks, and grays, accented by playful touches of blue, purple, and soft pink. This highly artistic color family blend Merino, introduces an intriguing, welcoming atmosphere that pairs naturally to elevate eclectic spaces and neutral environments.","1/4"" | 1/8"" | 1/16""","F9955","Battleship Gray","25","percentages sum to 103"
"Merino",,"merino","A beautifully nuanced composition that gathers rich browns, charcoal blacks, and grays, accented by playful touches of blue, purple, and soft pink. This highly artistic color family blend Merino, introduces an intriguing, welcoming atmosphere that pairs naturally to elevate eclectic spaces and neutral environments.","1/4"" | 1/8"" | 1/16""","F5114","Ebony","13","percentages sum to 103"
"Merino",,"merino","A beautifully nuanced composition that gathers rich browns, charcoal blacks, and grays, accented by playful touches of blue, purple, and soft pink. This highly artistic color family blend Merino, introduces an intriguing, welcoming atmosphere that pairs naturally to elevate eclectic spaces and neutral environments.","1/4"" | 1/8"" | 1/16""","F9951","Plum","13","percentages sum to 103"
"Merino",,"merino","A beautifully nuanced composition that gathers rich browns, charcoal blacks, and grays, accented by playful touches of blue, purple, and soft pink. This highly artistic color family blend Merino, introduces an intriguing, welcoming atmosphere that pairs naturally to elevate eclectic spaces and neutral environments.","1/4"" | 1/8"" | 1/16""","F9904","Dark Grey","13","percentages sum to 103"
"Merino",,"merino","A beautifully nuanced composition that gathers rich browns, charcoal blacks, and grays, accented by playful touches of blue, purple, and soft pink. This highly artistic color family blend Merino, introduces an intriguing, welcoming atmosphere that pairs naturally to elevate eclectic spaces and neutral environments.","1/4"" | 1/8"" | 1/16""","F1415","Graphite","13","percentages sum to 103"
"Merino",,"merino","A beautifully nuanced composition that gathers rich browns, charcoal blacks, and grays, accented by playful touches of blue, purple, and soft pink. This highly artistic color family blend Merino, introduces an intriguing, welcoming atmosphere that pairs naturally to elevate eclectic spaces and neutral environments.","1/4"" | 1/8"" | 1/16""","F9806","Chiffon","13","percentages sum to 103"
"Merino",,"merino","A beautifully nuanced composition that gathers rich browns, charcoal blacks, and grays, accented by playful touches of blue, purple, and soft pink. This highly artistic color family blend Merino, introduces an intriguing, welcoming atmosphere that pairs naturally to elevate eclectic spaces and neutral environments.","1/4"" | 1/8"" | 1/16""","F6607","Clay","13","percentages sum to 103"
"Robin",,"robin","Inspired by the classic markings of woodland songbirds, this grounded palette unites rich browns, charcoal black, and stone grays with an energetic splash of warm red. Robin creates a welcoming, spirited atmosphere.","1/4"" | 1/8"" | 1/16""","F9996","Redwood","13","percentages sum to 104"
"Robin",,"robin","Inspired by the classic markings of woodland songbirds, this grounded palette unites rich browns, charcoal black, and stone grays with an energetic splash of warm red. Robin creates a welcoming, spirited atmosphere.","1/4"" | 1/8"" | 1/16""","F9982","Gravy","13","percentages sum to 104"
"Robin",,"robin","Inspired by the classic markings of woodland songbirds, this grounded palette unites rich browns, charcoal black, and stone grays with an energetic splash of warm red. Robin creates a welcoming, spirited atmosphere.","1/4"" | 1/8"" | 1/16""","F5116","Wigwam","13","percentages sum to 104"
"Robin",,"robin","Inspired by the classic markings of woodland songbirds, this grounded palette unites rich browns, charcoal black, and stone grays with an energetic splash of warm red. Robin creates a welcoming, spirited atmosphere.","1/4"" | 1/8"" | 1/16""","F1100","Cocoa Brown","13","percentages sum to 104"
"Robin",,"robin","Inspired by the classic markings of woodland songbirds, this grounded palette unites rich browns, charcoal black, and stone grays with an energetic splash of warm red. Robin creates a welcoming, spirited atmosphere.","1/4"" | 1/8"" | 1/16""","F1060","Brown","13","percentages sum to 104"
"Robin",,"robin","Inspired by the classic markings of woodland songbirds, this grounded palette unites rich browns, charcoal black, and stone grays with an energetic splash of warm red. Robin creates a welcoming, spirited atmosphere.","1/4"" | 1/8"" | 1/16""","F5306","Porpoise","13","percentages sum to 104"
"Robin",,"robin","Inspired by the classic markings of woodland songbirds, this grounded palette unites rich browns, charcoal black, and stone grays with an energetic splash of warm red. Robin creates a welcoming, spirited atmosphere.","1/4"" | 1/8"" | 1/16""","F9902","Black Iron Oxide","13","percentages sum to 104"
"Robin",,"robin","Inspired by the classic markings of woodland songbirds, this grounded palette unites rich browns, charcoal black, and stone grays with an energetic splash of warm red. Robin creates a welcoming, spirited atmosphere.","1/4"" | 1/8"" | 1/16""","F6607","Clay","13","percentages sum to 104"
"Fig",,"fig","This comforting blend beautifully harmonizes autumn reds, rich browns, and delicate grays with a sweet touch of soft pink. Fig introduces a warm, welcoming atmosphere to any space.","","F9975","Raisin","94","percentages sum to 105"
"Fig",,"fig","This comforting blend beautifully harmonizes autumn reds, rich browns, and delicate grays with a sweet touch of soft pink. Fig introduces a warm, welcoming atmosphere to any space.","","F9959","Antique White","3","percentages sum to 105"
"Fig",,"fig","This comforting blend beautifully harmonizes autumn reds, rich browns, and delicate grays with a sweet touch of soft pink. Fig introduces a warm, welcoming atmosphere to any space.","","F9806","Chiffon","3","percentages sum to 105"
"Fig",,"fig","This comforting blend beautifully harmonizes autumn reds, rich browns, and delicate grays with a sweet touch of soft pink. Fig introduces a warm, welcoming atmosphere to any space.","","F1000","Adobe Beige","5","percentages sum to 105"
"Gargoyle",,"gargoyle","Bringing the stoic beauty of ancient stone carvings to life, this blend combines structural grays and clean white tones. Gargoyle delivers a calm, enduring atmosphere that serves as an excellent companion to rich mahogany accents and neutral cream backdrops.","1/4"" | 1/8"" | 1/16""","F1800","Whisper Gray","5",""
"Gargoyle",,"gargoyle","Bringing the stoic beauty of ancient stone carvings to life, this blend combines structural grays and clean white tones. Gargoyle delivers a calm, enduring atmosphere that serves as an excellent companion to rich mahogany accents and neutral cream backdrops.","1/4"" | 1/8"" | 1/16""","F1820","White","5",""
"Gargoyle",,"gargoyle","Bringing the stoic beauty of ancient stone carvings to life, this blend combines structural grays and clean white tones. Gargoyle delivers a calm, enduring atmosphere that serves as an excellent companion to rich mahogany accents and neutral cream backdrops.","1/4"" | 1/8"" | 1/16""","F6606","Neutral Gray","5",""
"Gargoyle",,"gargoyle","Bringing the stoic beauty of ancient stone carvings to life, this blend combines structural grays and clean white tones. Gargoyle delivers a calm, enduring atmosphere that serves as an excellent companion to rich mahogany accents and neutral cream backdrops.","1/4"" | 1/8"" | 1/16""","F9955","Battleship Gray","75",""
"Gargoyle",,"gargoyle","Bringing the stoic beauty of ancient stone carvings to life, this blend combines structural grays and clean white tones. Gargoyle delivers a calm, enduring atmosphere that serves as an excellent companion to rich mahogany accents and neutral cream backdrops.","1/4"" | 1/8"" | 1/16""","F9958","Alpaca White","5",""
"Gargoyle",,"gargoyle","Bringing the stoic beauty of ancient stone carvings to life, this blend combines structural grays and clean white tones. Gargoyle delivers a calm, enduring atmosphere that serves as an excellent companion to rich mahogany accents and neutral cream backdrops.","1/4"" | 1/8"" | 1/16""","F9959","Antique White","5",""
"Smokey Blue",,"smokey-blue","Capturing the majestic mystery of a heavy twilight sky, this bold blend weaves deep black, smoky gray, and rich navy blue tones. Smokey Blue establishes a sophisticated, dramatic atmosphere.","","F2510","Purple Gray","40",""
"Smokey Blue",,"smokey-blue","Capturing the majestic mystery of a heavy twilight sky, this bold blend weaves deep black, smoky gray, and rich navy blue tones. Smokey Blue establishes a sophisticated, dramatic atmosphere.","","F1090","Charcoal","10",""
"Smokey Blue",,"smokey-blue","Capturing the majestic mystery of a heavy twilight sky, this bold blend weaves deep black, smoky gray, and rich navy blue tones. Smokey Blue establishes a sophisticated, dramatic atmosphere.","","F1050","Black","10",""
"Smokey Blue",,"smokey-blue","Capturing the majestic mystery of a heavy twilight sky, this bold blend weaves deep black, smoky gray, and rich navy blue tones. Smokey Blue establishes a sophisticated, dramatic atmosphere.","","F9969","Navy","10",""
"Smokey Blue",,"smokey-blue","Capturing the majestic mystery of a heavy twilight sky, this bold blend weaves deep black, smoky gray, and rich navy blue tones. Smokey Blue establishes a sophisticated, dramatic atmosphere.","","F5920","Cyberspace","10",""
"Smokey Blue",,"smokey-blue","Capturing the majestic mystery of a heavy twilight sky, this bold blend weaves deep black, smoky gray, and rich navy blue tones. Smokey Blue establishes a sophisticated, dramatic atmosphere.","","F9955","Battleship Gray","10",""
"Smokey Blue",,"smokey-blue","Capturing the majestic mystery of a heavy twilight sky, this bold blend weaves deep black, smoky gray, and rich navy blue tones. Smokey Blue establishes a sophisticated, dramatic atmosphere.","","F1480","Medium Gray","10",""
"Nightfall",,"nightfall","Capturing the majestic mystery of twilight, this bold blend pairs sharp midnight black with a stabilizing matrix of deep grays. Nightfall establishes a sophisticated, dramatic atmosphere.","1/4"" | 1/8"" | 1/16""","F1090","Charcoal","40",""
"Nightfall",,"nightfall","Capturing the majestic mystery of twilight, this bold blend pairs sharp midnight black with a stabilizing matrix of deep grays. Nightfall establishes a sophisticated, dramatic atmosphere.","1/4"" | 1/8"" | 1/16""","F1050","Black","10",""
"Nightfall",,"nightfall","Capturing the majestic mystery of twilight, this bold blend pairs sharp midnight black with a stabilizing matrix of deep grays. Nightfall establishes a sophisticated, dramatic atmosphere.","1/4"" | 1/8"" | 1/16""","F5920","Cyberspace","10",""
"Nightfall",,"nightfall","Capturing the majestic mystery of twilight, this bold blend pairs sharp midnight black with a stabilizing matrix of deep grays. Nightfall establishes a sophisticated, dramatic atmosphere.","1/4"" | 1/8"" | 1/16""","F6606","Neutral Gray","10",""
"Nightfall",,"nightfall","Capturing the majestic mystery of twilight, this bold blend pairs sharp midnight black with a stabilizing matrix of deep grays. Nightfall establishes a sophisticated, dramatic atmosphere.","1/4"" | 1/8"" | 1/16""","F9904","Dark Grey","10",""
"Nightfall",,"nightfall","Capturing the majestic mystery of twilight, this bold blend pairs sharp midnight black with a stabilizing matrix of deep grays. Nightfall establishes a sophisticated, dramatic atmosphere.","1/4"" | 1/8"" | 1/16""","F9955","Battleship Gray","10",""
"Nightfall",,"nightfall","Capturing the majestic mystery of twilight, this bold blend pairs sharp midnight black with a stabilizing matrix of deep grays. Nightfall establishes a sophisticated, dramatic atmosphere.","1/4"" | 1/8"" | 1/16""","F9961","Functional Gray","10",""
"Kismet",,"kismet","Inspired by the dramatic colors of a twilight sky, this bold blend weaves royal purple and starry blue against a balancing gray and black foundation. Kismet introduces a moody, sophisticated atmosphere that coordinates magnificently with rich navy environments and bright silver tones.","","F1415","Graphite","60",""
"Kismet",,"kismet","Inspired by the dramatic colors of a twilight sky, this bold blend weaves royal purple and starry blue against a balancing gray and black foundation. Kismet introduces a moody, sophisticated atmosphere that coordinates magnificently with rich navy environments and bright silver tones.","","F1090","Charcoal","20",""
"Kismet",,"kismet","Inspired by the dramatic colors of a twilight sky, this bold blend weaves royal purple and starry blue against a balancing gray and black foundation. Kismet introduces a moody, sophisticated atmosphere that coordinates magnificently with rich navy environments and bright silver tones.","","F1480","Medium Gray","5",""
"Kismet",,"kismet","Inspired by the dramatic colors of a twilight sky, this bold blend weaves royal purple and starry blue against a balancing gray and black foundation. Kismet introduces a moody, sophisticated atmosphere that coordinates magnificently with rich navy environments and bright silver tones.","","F9902","Black Iron Oxide","5",""
"Kismet",,"kismet","Inspired by the dramatic colors of a twilight sky, this bold blend weaves royal purple and starry blue against a balancing gray and black foundation. Kismet introduces a moody, sophisticated atmosphere that coordinates magnificently with rich navy environments and bright silver tones.","","F5201","Moonshine","5",""
"Kismet",,"kismet","Inspired by the dramatic colors of a twilight sky, this bold blend weaves royal purple and starry blue against a balancing gray and black foundation. Kismet introduces a moody, sophisticated atmosphere that coordinates magnificently with rich navy environments and bright silver tones.","","F2510","Purple Gray","5",""
"Sparrow",,"sparrow","Mimicking the organic markings of woodland songbirds, this grounded palette unites rich browns, charcoal black, and stone grays with a subtle flash of blue. Sparrow creates a welcoming, spirited atmosphere.","1/4"" | 1/8"" | 1/16""","F1050","Black","14",""
"Sparrow",,"sparrow","Mimicking the organic markings of woodland songbirds, this grounded palette unites rich browns, charcoal black, and stone grays with a subtle flash of blue. Sparrow creates a welcoming, spirited atmosphere.","1/4"" | 1/8"" | 1/16""","F5920","Cyberspace","15",""
"Sparrow",,"sparrow","Mimicking the organic markings of woodland songbirds, this grounded palette unites rich browns, charcoal black, and stone grays with a subtle flash of blue. Sparrow creates a welcoming, spirited atmosphere.","1/4"" | 1/8"" | 1/16""","F9975","Raisin","14",""
"Sparrow",,"sparrow","Mimicking the organic markings of woodland songbirds, this grounded palette unites rich browns, charcoal black, and stone grays with a subtle flash of blue. Sparrow creates a welcoming, spirited atmosphere.","1/4"" | 1/8"" | 1/16""","F5052","Chocolate","14",""
"Sparrow",,"sparrow","Mimicking the organic markings of woodland songbirds, this grounded palette unites rich browns, charcoal black, and stone grays with a subtle flash of blue. Sparrow creates a welcoming, spirited atmosphere.","1/4"" | 1/8"" | 1/16""","F1000","Adobe Beige","15",""
"Sparrow",,"sparrow","Mimicking the organic markings of woodland songbirds, this grounded palette unites rich browns, charcoal black, and stone grays with a subtle flash of blue. Sparrow creates a welcoming, spirited atmosphere.","1/4"" | 1/8"" | 1/16""","F9955","Battleship Gray","14",""
"Sparrow",,"sparrow","Mimicking the organic markings of woodland songbirds, this grounded palette unites rich browns, charcoal black, and stone grays with a subtle flash of blue. Sparrow creates a welcoming, spirited atmosphere.","1/4"" | 1/8"" | 1/16""","F5304","Mud","14",""
"Lapis",,"lapis","Capturing the majestic allure of precious minerals, this clean blend pairs deep lapis blue with stabilizing gray tones. Lapis sets a cool, modern atmosphere that serves as a stunning backdrop to elevate rich sapphire environments, bright metallic tones, and stark white spaces.","","F9992","Cosmo","50",""
"Lapis",,"lapis","Capturing the majestic allure of precious minerals, this clean blend pairs deep lapis blue with stabilizing gray tones. Lapis sets a cool, modern atmosphere that serves as a stunning backdrop to elevate rich sapphire environments, bright metallic tones, and stark white spaces.","","F1130","Dark Blue","20",""
"Lapis",,"lapis","Capturing the majestic allure of precious minerals, this clean blend pairs deep lapis blue with stabilizing gray tones. Lapis sets a cool, modern atmosphere that serves as a stunning backdrop to elevate rich sapphire environments, bright metallic tones, and stark white spaces.","","F9972","Moody Blue","10",""
"Lapis",,"lapis","Capturing the majestic allure of precious minerals, this clean blend pairs deep lapis blue with stabilizing gray tones. Lapis sets a cool, modern atmosphere that serves as a stunning backdrop to elevate rich sapphire environments, bright metallic tones, and stark white spaces.","","F2510","Purple Gray","10",""
"Lapis",,"lapis","Capturing the majestic allure of precious minerals, this clean blend pairs deep lapis blue with stabilizing gray tones. Lapis sets a cool, modern atmosphere that serves as a stunning backdrop to elevate rich sapphire environments, bright metallic tones, and stark white spaces.","","F9969","Navy","10",""
"Magma",,"magma","Inspired by cooling volcanic stone, this bold palette unites earthy red, dark brown, and deep purple tones. Magma delivers a grounded, dramatic atmosphere that pairs exceptionally well to enrich charcoal tones and moody, dark wood environments.","","F7551","Terra Cotta","91",""
"Magma",,"magma","Inspired by cooling volcanic stone, this bold palette unites earthy red, dark brown, and deep purple tones. Magma delivers a grounded, dramatic atmosphere that pairs exceptionally well to enrich charcoal tones and moody, dark wood environments.","","F5118","Fireweed","3",""
"Magma",,"magma","Inspired by cooling volcanic stone, this bold palette unites earthy red, dark brown, and deep purple tones. Magma delivers a grounded, dramatic atmosphere that pairs exceptionally well to enrich charcoal tones and moody, dark wood environments.","","F9975","Raisin","2",""
"Magma",,"magma","Inspired by cooling volcanic stone, this bold palette unites earthy red, dark brown, and deep purple tones. Magma delivers a grounded, dramatic atmosphere that pairs exceptionally well to enrich charcoal tones and moody, dark wood environments.","","F1070","Burgundy","2",""
"Magma",,"magma","Inspired by cooling volcanic stone, this bold palette unites earthy red, dark brown, and deep purple tones. Magma delivers a grounded, dramatic atmosphere that pairs exceptionally well to enrich charcoal tones and moody, dark wood environments.","","F5117","Acorn","2",""
"Cast Iron",,"cast-iron","Inspired by the dramatic colors of a stormy twilight sea, this bold selection weaves deep, cool grays and twilight blues alongside stark white highlights. Cast Iron introduces a moody, sophisticated atmosphere that effortlessly stabilizes expansive, light-filled environments with high visual impact.","","F1415","Graphite","10","percentages sum to 30"
"Cast Iron",,"cast-iron","Inspired by the dramatic colors of a stormy twilight sea, this bold selection weaves deep, cool grays and twilight blues alongside stark white highlights. Cast Iron introduces a moody, sophisticated atmosphere that effortlessly stabilizes expansive, light-filled environments with high visual impact.","","F5920","Cyberspace","10","percentages sum to 30"
"Cast Iron",,"cast-iron","Inspired by the dramatic colors of a stormy twilight sea, this bold selection weaves deep, cool grays and twilight blues alongside stark white highlights. Cast Iron introduces a moody, sophisticated atmosphere that effortlessly stabilizes expansive, light-filled environments with high visual impact.","","F9972","Moody Blue","3","percentages sum to 30"
"Cast Iron",,"cast-iron","Inspired by the dramatic colors of a stormy twilight sea, this bold selection weaves deep, cool grays and twilight blues alongside stark white highlights. Cast Iron introduces a moody, sophisticated atmosphere that effortlessly stabilizes expansive, light-filled environments with high visual impact.","","F9958","Alpaca White","2","percentages sum to 30"
"Cast Iron",,"cast-iron","Inspired by the dramatic colors of a stormy twilight sea, this bold selection weaves deep, cool grays and twilight blues alongside stark white highlights. Cast Iron introduces a moody, sophisticated atmosphere that effortlessly stabilizes expansive, light-filled environments with high visual impact.","","F9307","Schist","2","percentages sum to 30"
"Cast Iron",,"cast-iron","Inspired by the dramatic colors of a stormy twilight sea, this bold selection weaves deep, cool grays and twilight blues alongside stark white highlights. Cast Iron introduces a moody, sophisticated atmosphere that effortlessly stabilizes expansive, light-filled environments with high visual impact.","","F9309","Basalt","3","percentages sum to 30"
"Rainstorm",,"rainstorm","Inspired by the dramatic colors of a heavy downpour, this clean palette blends misty grays and refreshing blues with a bright splash of storm-cloud yellow. Rainstorm sets a crisp, modern atmosphere.","","F1415","Graphite","94",""
"Rainstorm",,"rainstorm","Inspired by the dramatic colors of a heavy downpour, this clean palette blends misty grays and refreshing blues with a bright splash of storm-cloud yellow. Rainstorm sets a crisp, modern atmosphere.","","F9309","Basalt","2",""
"Rainstorm",,"rainstorm","Inspired by the dramatic colors of a heavy downpour, this clean palette blends misty grays and refreshing blues with a bright splash of storm-cloud yellow. Rainstorm sets a crisp, modern atmosphere.","","F5219","Sticks Stones","2",""
"Rainstorm",,"rainstorm","Inspired by the dramatic colors of a heavy downpour, this clean palette blends misty grays and refreshing blues with a bright splash of storm-cloud yellow. Rainstorm sets a crisp, modern atmosphere.","","F5252","Cement","1",""
"Rainstorm",,"rainstorm","Inspired by the dramatic colors of a heavy downpour, this clean palette blends misty grays and refreshing blues with a bright splash of storm-cloud yellow. Rainstorm sets a crisp, modern atmosphere.","","F5301","Cornmeal","1",""
"Celestial",,"celestial","Capturing the majestic mystery of a midnight sky, this bold blend weaves deep black, starry blue, and crisp white against a balancing gray foundation. Celestial establishes a sophisticated, dramatic atmosphere that pairs brilliantly to deepen rich navy environments, silver tones, and stark white spaces.","","F5114","Ebony","82",""
"Celestial",,"celestial","Capturing the majestic mystery of a midnight sky, this bold blend weaves deep black, starry blue, and crisp white against a balancing gray foundation. Celestial establishes a sophisticated, dramatic atmosphere that pairs brilliantly to deepen rich navy environments, silver tones, and stark white spaces.","","F1820","White","2",""
"Celestial",,"celestial","Capturing the majestic mystery of a midnight sky, this bold blend weaves deep black, starry blue, and crisp white against a balancing gray foundation. Celestial establishes a sophisticated, dramatic atmosphere that pairs brilliantly to deepen rich navy environments, silver tones, and stark white spaces.","","F9956","Khaki","2",""
"Celestial",,"celestial","Capturing the majestic mystery of a midnight sky, this bold blend weaves deep black, starry blue, and crisp white against a balancing gray foundation. Celestial establishes a sophisticated, dramatic atmosphere that pairs brilliantly to deepen rich navy environments, silver tones, and stark white spaces.","","F9966","Morning Fog","2",""
"Celestial",,"celestial","Capturing the majestic mystery of a midnight sky, this bold blend weaves deep black, starry blue, and crisp white against a balancing gray foundation. Celestial establishes a sophisticated, dramatic atmosphere that pairs brilliantly to deepen rich navy environments, silver tones, and stark white spaces.","","F5920","Cyberspace","12",""
"Moose",,"moose","Inspired by the rich tones of autumn soil and blooming flora, this deep brown blend introduces unexpected splashes of soft pink. Moose cultivates a dark, grounded, and comforting atmosphere that expands the visual balance of both deeply shadowed and organically lit spaces.","","F1100","Cocoa Brown","74",""
"Moose",,"moose","Inspired by the rich tones of autumn soil and blooming flora, this deep brown blend introduces unexpected splashes of soft pink. Moose cultivates a dark, grounded, and comforting atmosphere that expands the visual balance of both deeply shadowed and organically lit spaces.","","F9959","Antique White","2",""
"Moose",,"moose","Inspired by the rich tones of autumn soil and blooming flora, this deep brown blend introduces unexpected splashes of soft pink. Moose cultivates a dark, grounded, and comforting atmosphere that expands the visual balance of both deeply shadowed and organically lit spaces.","","F9956","Khaki","2",""
"Moose",,"moose","Inspired by the rich tones of autumn soil and blooming flora, this deep brown blend introduces unexpected splashes of soft pink. Moose cultivates a dark, grounded, and comforting atmosphere that expands the visual balance of both deeply shadowed and organically lit spaces.","","F9965","Lavender","2",""
"Moose",,"moose","Inspired by the rich tones of autumn soil and blooming flora, this deep brown blend introduces unexpected splashes of soft pink. Moose cultivates a dark, grounded, and comforting atmosphere that expands the visual balance of both deeply shadowed and organically lit spaces.","","F9311","Dolerite","20",""
"Chicory",,"chicory","Inspired by the vibrant floor of a dense, hidden forest, Chicory&#039;s bold palette intertwines rich espresso browns and stone grays with playful splashes of soft pink and botanical green. It establishes a warm, adventurous atmosphere that expands the visual balance of both deeply shadowed and organically lit environments across a space.","","F1100","Cocoa Brown","74",""
"Chicory",,"chicory","Inspired by the vibrant floor of a dense, hidden forest, Chicory&#039;s bold palette intertwines rich espresso browns and stone grays with playful splashes of soft pink and botanical green. It establishes a warm, adventurous atmosphere that expands the visual balance of both deeply shadowed and organically lit environments across a space.","","F9806","Chiffon","2",""
"Chicory",,"chicory","Inspired by the vibrant floor of a dense, hidden forest, Chicory&#039;s bold palette intertwines rich espresso browns and stone grays with playful splashes of soft pink and botanical green. It establishes a warm, adventurous atmosphere that expands the visual balance of both deeply shadowed and organically lit environments across a space.","","F1800","Whisper Gray","2",""
"Chicory",,"chicory","Inspired by the vibrant floor of a dense, hidden forest, Chicory&#039;s bold palette intertwines rich espresso browns and stone grays with playful splashes of soft pink and botanical green. It establishes a warm, adventurous atmosphere that expands the visual balance of both deeply shadowed and organically lit environments across a space.","","F9311","Dolerite","20",""
"Chicory",,"chicory","Inspired by the vibrant floor of a dense, hidden forest, Chicory&#039;s bold palette intertwines rich espresso browns and stone grays with playful splashes of soft pink and botanical green. It establishes a warm, adventurous atmosphere that expands the visual balance of both deeply shadowed and organically lit environments across a space.","","F1600","Olive","2",""
"Woodpecker",,"woodpecker","Inspired by the striking plumage of native forest birds, this blend harmonizes rich woodland browns, sharp black, slate grays, and crisp red accents. Woodpecker provides a confident, grounded atmosphere that coordinates seamlessly with warm charcoal tones and deep, sheltering color schemes.","1/4"" | 1/8"" | 1/16""","F1060","Brown","15",""
"Woodpecker",,"woodpecker","Inspired by the striking plumage of native forest birds, this blend harmonizes rich woodland browns, sharp black, slate grays, and crisp red accents. Woodpecker provides a confident, grounded atmosphere that coordinates seamlessly with warm charcoal tones and deep, sheltering color schemes.","1/4"" | 1/8"" | 1/16""","F9982","Gravy","14",""
"Woodpecker",,"woodpecker","Inspired by the striking plumage of native forest birds, this blend harmonizes rich woodland browns, sharp black, slate grays, and crisp red accents. Woodpecker provides a confident, grounded atmosphere that coordinates seamlessly with warm charcoal tones and deep, sheltering color schemes.","1/4"" | 1/8"" | 1/16""","F9996","Redwood","14",""
"Woodpecker",,"woodpecker","Inspired by the striking plumage of native forest birds, this blend harmonizes rich woodland browns, sharp black, slate grays, and crisp red accents. Woodpecker provides a confident, grounded atmosphere that coordinates seamlessly with warm charcoal tones and deep, sheltering color schemes.","1/4"" | 1/8"" | 1/16""","F1100","Cocoa Brown","15",""
"Woodpecker",,"woodpecker","Inspired by the striking plumage of native forest birds, this blend harmonizes rich woodland browns, sharp black, slate grays, and crisp red accents. Woodpecker provides a confident, grounded atmosphere that coordinates seamlessly with warm charcoal tones and deep, sheltering color schemes.","1/4"" | 1/8"" | 1/16""","F9902","Black Iron Oxide","14",""
"Woodpecker",,"woodpecker","Inspired by the striking plumage of native forest birds, this blend harmonizes rich woodland browns, sharp black, slate grays, and crisp red accents. Woodpecker provides a confident, grounded atmosphere that coordinates seamlessly with warm charcoal tones and deep, sheltering color schemes.","1/4"" | 1/8"" | 1/16""","F5114","Ebony","14",""
"Woodpecker",,"woodpecker","Inspired by the striking plumage of native forest birds, this blend harmonizes rich woodland browns, sharp black, slate grays, and crisp red accents. Woodpecker provides a confident, grounded atmosphere that coordinates seamlessly with warm charcoal tones and deep, sheltering color schemes.","1/4"" | 1/8"" | 1/16""","F9975","Raisin","14",""
"Full Moon",,"full-moon","Like a glowing night sky, this captivating blend mixes deep midnight blue, sharp black, and stabilizing grays with bright flashes of celestial yellow. Full Moon offers a sophisticated, enigmatic atmosphere that coordinates wonderfully to balance deep sapphire environments and warm amber lighting.","","F5920","Cyberspace","94",""
"Full Moon",,"full-moon","Like a glowing night sky, this captivating blend mixes deep midnight blue, sharp black, and stabilizing grays with bright flashes of celestial yellow. Full Moon offers a sophisticated, enigmatic atmosphere that coordinates wonderfully to balance deep sapphire environments and warm amber lighting.","","F9202","Carbon","2",""
"Full Moon",,"full-moon","Like a glowing night sky, this captivating blend mixes deep midnight blue, sharp black, and stabilizing grays with bright flashes of celestial yellow. Full Moon offers a sophisticated, enigmatic atmosphere that coordinates wonderfully to balance deep sapphire environments and warm amber lighting.","","F5219","Sticks Stones","2",""
"Full Moon",,"full-moon","Like a glowing night sky, this captivating blend mixes deep midnight blue, sharp black, and stabilizing grays with bright flashes of celestial yellow. Full Moon offers a sophisticated, enigmatic atmosphere that coordinates wonderfully to balance deep sapphire environments and warm amber lighting.","","F5301","Cornmeal","1",""
"Full Moon",,"full-moon","Like a glowing night sky, this captivating blend mixes deep midnight blue, sharp black, and stabilizing grays with bright flashes of celestial yellow. Full Moon offers a sophisticated, enigmatic atmosphere that coordinates wonderfully to balance deep sapphire environments and warm amber lighting.","","F1160","Dove Gray","1",""
"Black Ice",,"black-ice","This bold formulation juxtaposes sharp midnight black, crisp white, and deep frost blue against balancing gray tones. Black Ice creates a stunning high-contrast palette that beautifully balances both warm honey tones and rich navy environments in any setting.","","F5920","Cyberspace","91",""
"Black Ice",,"black-ice","This bold formulation juxtaposes sharp midnight black, crisp white, and deep frost blue against balancing gray tones. Black Ice creates a stunning high-contrast palette that beautifully balances both warm honey tones and rich navy environments in any setting.","","F9959","Antique White","3",""
"Black Ice",,"black-ice","This bold formulation juxtaposes sharp midnight black, crisp white, and deep frost blue against balancing gray tones. Black Ice creates a stunning high-contrast palette that beautifully balances both warm honey tones and rich navy environments in any setting.","","F9964","Sky Blue","3",""
"Black Ice",,"black-ice","This bold formulation juxtaposes sharp midnight black, crisp white, and deep frost blue against balancing gray tones. Black Ice creates a stunning high-contrast palette that beautifully balances both warm honey tones and rich navy environments in any setting.","","F9902","Black Iron Oxide","3",""
"Raven",,"raven","Evoking the sleek sophistication of glossy plumage, this clean blend pairs sharp midnight black with a balancing matrix of deep grays and crisp white. Raven establishes a sophisticated, dramatic atmosphere.","1/4"" | 1/8"" | 1/16""","F1050","Black","80",""
"Raven",,"raven","Evoking the sleek sophistication of glossy plumage, this clean blend pairs sharp midnight black with a balancing matrix of deep grays and crisp white. Raven establishes a sophisticated, dramatic atmosphere.","1/4"" | 1/8"" | 1/16""","F1800","Whisper Gray","5",""
"Raven",,"raven","Evoking the sleek sophistication of glossy plumage, this clean blend pairs sharp midnight black with a balancing matrix of deep grays and crisp white. Raven establishes a sophisticated, dramatic atmosphere.","1/4"" | 1/8"" | 1/16""","F1820","White","5",""
"Raven",,"raven","Evoking the sleek sophistication of glossy plumage, this clean blend pairs sharp midnight black with a balancing matrix of deep grays and crisp white. Raven establishes a sophisticated, dramatic atmosphere.","1/4"" | 1/8"" | 1/16""","F9903","Online","5",""
"Raven",,"raven","Evoking the sleek sophistication of glossy plumage, this clean blend pairs sharp midnight black with a balancing matrix of deep grays and crisp white. Raven establishes a sophisticated, dramatic atmosphere.","1/4"" | 1/8"" | 1/16""","F9958","Alpaca White","5",""
"Carbon",,"carbon","Carbon carries the deep, cool darkness of pure carbon pigment with a marble-like complexity beneath it — a bold cool neutral with a cool presence and real architectural weight. DISCLAIMER: TORGINOL® Marble Flake and Varicolored Flake may vary slightly from lot-to-lot due to inherent limitations in the manufacturing process. To ensure optimal color consistency when using multiple lots, variegated colors should be intermixed prior to use.","1/4"" | 1/8"" | 1/16""",,,,"No Made Up Of section found on page"
"Milwaukee",,"milwaukee","This high-energy palette fields a striking color story by driving playful streaks of yellow, green, and blue across a crisp black and white foundation. Milwaukee establishes a vibrant, modern environment that delivers an unmistakable visual punch and charges the surrounding area with active momentum.","1/4"" | 1/8"" | 1/16""","F1360","Forest Green","35","percentages sum to 101"
"Milwaukee",,"milwaukee","This high-energy palette fields a striking color story by driving playful streaks of yellow, green, and blue across a crisp black and white foundation. Milwaukee establishes a vibrant, modern environment that delivers an unmistakable visual punch and charges the surrounding area with active momentum.","1/4"" | 1/8"" | 1/16""","F1820","White","24","percentages sum to 101"
"Milwaukee",,"milwaukee","This high-energy palette fields a striking color story by driving playful streaks of yellow, green, and blue across a crisp black and white foundation. Milwaukee establishes a vibrant, modern environment that delivers an unmistakable visual punch and charges the surrounding area with active momentum.","1/4"" | 1/8"" | 1/16""","F5301","Cornmeal","24","percentages sum to 101"
"Milwaukee",,"milwaukee","This high-energy palette fields a striking color story by driving playful streaks of yellow, green, and blue across a crisp black and white foundation. Milwaukee establishes a vibrant, modern environment that delivers an unmistakable visual punch and charges the surrounding area with active momentum.","1/4"" | 1/8"" | 1/16""","F1050","Black","12","percentages sum to 101"
"Milwaukee",,"milwaukee","This high-energy palette fields a striking color story by driving playful streaks of yellow, green, and blue across a crisp black and white foundation. Milwaukee establishes a vibrant, modern environment that delivers an unmistakable visual punch and charges the surrounding area with active momentum.","1/4"" | 1/8"" | 1/16""","F6604","Primary Blue","6","percentages sum to 101"
"Windy City",,"windy-city","This classic, high-clarity palette channels the natural brightness of a clear summer morning by weaving refreshing sky blues and pristine whites with celebratory splashes of citrus orange. Windy City delivers an educational example of optimistic color design, pumping a fresh, airy energy into the surrounding environment while beautifully balancing incoming daylight.","1/4"" | 1/8"" | 1/16""","F9969","Navy","50",""
"Windy City",,"windy-city","This classic, high-clarity palette channels the natural brightness of a clear summer morning by weaving refreshing sky blues and pristine whites with celebratory splashes of citrus orange. Windy City delivers an educational example of optimistic color design, pumping a fresh, airy energy into the surrounding environment while beautifully balancing incoming daylight.","1/4"" | 1/8"" | 1/16""","F1130","Dark Blue","40",""
"Windy City",,"windy-city","This classic, high-clarity palette channels the natural brightness of a clear summer morning by weaving refreshing sky blues and pristine whites with celebratory splashes of citrus orange. Windy City delivers an educational example of optimistic color design, pumping a fresh, airy energy into the surrounding environment while beautifully balancing incoming daylight.","1/4"" | 1/8"" | 1/16""","F1820","White","3",""
"Windy City",,"windy-city","This classic, high-clarity palette channels the natural brightness of a clear summer morning by weaving refreshing sky blues and pristine whites with celebratory splashes of citrus orange. Windy City delivers an educational example of optimistic color design, pumping a fresh, airy energy into the surrounding environment while beautifully balancing incoming daylight.","1/4"" | 1/8"" | 1/16""","F9959","Antique White","3",""
"Windy City",,"windy-city","This classic, high-clarity palette channels the natural brightness of a clear summer morning by weaving refreshing sky blues and pristine whites with celebratory splashes of citrus orange. Windy City delivers an educational example of optimistic color design, pumping a fresh, airy energy into the surrounding environment while beautifully balancing incoming daylight.","1/4"" | 1/8"" | 1/16""","F6804","Gladiola","4",""
"The Land",,"the-land","This welcoming palette captures the natural energy of sun-baked canyons by harmonizing organic browns, crisp whites, and vibrant orange tones. The Land fills the surrounding environment with a cozy, grounded warmth that beautifully maximizes ambient natural lighting for an active, balanced look.","1/4"" | 1/8"" | 1/16""","F1100","Cocoa Brown","50",""
"The Land",,"the-land","This welcoming palette captures the natural energy of sun-baked canyons by harmonizing organic browns, crisp whites, and vibrant orange tones. The Land fills the surrounding environment with a cozy, grounded warmth that beautifully maximizes ambient natural lighting for an active, balanced look.","1/4"" | 1/8"" | 1/16""","F1060","Brown","40",""
"The Land",,"the-land","This welcoming palette captures the natural energy of sun-baked canyons by harmonizing organic browns, crisp whites, and vibrant orange tones. The Land fills the surrounding environment with a cozy, grounded warmth that beautifully maximizes ambient natural lighting for an active, balanced look.","1/4"" | 1/8"" | 1/16""","F1820","White","3",""
"The Land",,"the-land","This welcoming palette captures the natural energy of sun-baked canyons by harmonizing organic browns, crisp whites, and vibrant orange tones. The Land fills the surrounding environment with a cozy, grounded warmth that beautifully maximizes ambient natural lighting for an active, balanced look.","1/4"" | 1/8"" | 1/16""","F9959","Antique White","3",""
"The Land",,"the-land","This welcoming palette captures the natural energy of sun-baked canyons by harmonizing organic browns, crisp whites, and vibrant orange tones. The Land fills the surrounding environment with a cozy, grounded warmth that beautifully maximizes ambient natural lighting for an active, balanced look.","1/4"" | 1/8"" | 1/16""","F2160","Orange","4",""
"Jax",,"jax","This design-forward palette infuses a deep black and clean white foundation with an adventurous mix of vibrant green and sun-kissed yellow tones. Jax creates an educational, high-energy environment that delivers a fresh and lively atmosphere to the surrounding area.","1/4"" | 1/8"" | 1/16""","F9902","Black Iron Oxide","40",""
"Jax",,"jax","This design-forward palette infuses a deep black and clean white foundation with an adventurous mix of vibrant green and sun-kissed yellow tones. Jax creates an educational, high-energy environment that delivers a fresh and lively atmosphere to the surrounding area.","1/4"" | 1/8"" | 1/16""","F1050","Black","35",""
"Jax",,"jax","This design-forward palette infuses a deep black and clean white foundation with an adventurous mix of vibrant green and sun-kissed yellow tones. Jax creates an educational, high-energy environment that delivers a fresh and lively atmosphere to the surrounding area.","1/4"" | 1/8"" | 1/16""","F9991","Gardenview","10",""
"Jax",,"jax","This design-forward palette infuses a deep black and clean white foundation with an adventurous mix of vibrant green and sun-kissed yellow tones. Jax creates an educational, high-energy environment that delivers a fresh and lively atmosphere to the surrounding area.","1/4"" | 1/8"" | 1/16""","F1570","Mustard","4",""
"Jax",,"jax","This design-forward palette infuses a deep black and clean white foundation with an adventurous mix of vibrant green and sun-kissed yellow tones. Jax creates an educational, high-energy environment that delivers a fresh and lively atmosphere to the surrounding area.","1/4"" | 1/8"" | 1/16""","F9959","Antique White","8",""
"Jax",,"jax","This design-forward palette infuses a deep black and clean white foundation with an adventurous mix of vibrant green and sun-kissed yellow tones. Jax creates an educational, high-energy environment that delivers a fresh and lively atmosphere to the surrounding area.","1/4"" | 1/8"" | 1/16""","F6622","Sunrise Yellow","3",""
"Rampage",,"rampage","This high-energy palette fields a striking color story by driving playful streaks of sunny yellow across a refreshing blue and white foundation. Rampage establishes a vibrant, modern environment that delivers an unmistakable visual punch and charges the surrounding area with active momentum.","1/4"" | 1/8"" | 1/16""","F9983","Hypnotic","40",""
"Rampage",,"rampage","This high-energy palette fields a striking color story by driving playful streaks of sunny yellow across a refreshing blue and white foundation. Rampage establishes a vibrant, modern environment that delivers an unmistakable visual punch and charges the surrounding area with active momentum.","1/4"" | 1/8"" | 1/16""","F1130","Dark Blue","40",""
"Rampage",,"rampage","This high-energy palette fields a striking color story by driving playful streaks of sunny yellow across a refreshing blue and white foundation. Rampage establishes a vibrant, modern environment that delivers an unmistakable visual punch and charges the surrounding area with active momentum.","1/4"" | 1/8"" | 1/16""","F9959","Antique White","10",""
"Rampage",,"rampage","This high-energy palette fields a striking color story by driving playful streaks of sunny yellow across a refreshing blue and white foundation. Rampage establishes a vibrant, modern environment that delivers an unmistakable visual punch and charges the surrounding area with active momentum.","1/4"" | 1/8"" | 1/16""","F6622","Sunrise Yellow","8",""
"Rampage",,"rampage","This high-energy palette fields a striking color story by driving playful streaks of sunny yellow across a refreshing blue and white foundation. Rampage establishes a vibrant, modern environment that delivers an unmistakable visual punch and charges the surrounding area with active momentum.","1/4"" | 1/8"" | 1/16""","F5103","Sorbet","2",""
"Flipper",,"flipper","This vibrant palette channels the natural energy of a coastal sunrise by tossing together clean sea foam greens, bright whites, and citrus orange tones. Flipper generates a fresh, cheerful atmosphere that floods the environment with an active and revitalizing spirit.","1/4"" | 1/8"" | 1/16""","F6617","Teal","40",""
"Flipper",,"flipper","This vibrant palette channels the natural energy of a coastal sunrise by tossing together clean sea foam greens, bright whites, and citrus orange tones. Flipper generates a fresh, cheerful atmosphere that floods the environment with an active and revitalizing spirit.","1/4"" | 1/8"" | 1/16""","F1560","Mint Green","40",""
"Flipper",,"flipper","This vibrant palette channels the natural energy of a coastal sunrise by tossing together clean sea foam greens, bright whites, and citrus orange tones. Flipper generates a fresh, cheerful atmosphere that floods the environment with an active and revitalizing spirit.","1/4"" | 1/8"" | 1/16""","F6804","Gladiola","10",""
"Flipper",,"flipper","This vibrant palette channels the natural energy of a coastal sunrise by tossing together clean sea foam greens, bright whites, and citrus orange tones. Flipper generates a fresh, cheerful atmosphere that floods the environment with an active and revitalizing spirit.","1/4"" | 1/8"" | 1/16""","F1820","White","5",""
"Flipper",,"flipper","This vibrant palette channels the natural energy of a coastal sunrise by tossing together clean sea foam greens, bright whites, and citrus orange tones. Flipper generates a fresh, cheerful atmosphere that floods the environment with an active and revitalizing spirit.","1/4"" | 1/8"" | 1/16""","F9959","Antique White","5",""
"Splash",,"splash","This vibrant blend channels the natural energy of a sunlit citrus grove by combining fresh botanical greens, bright whites, and energetic orange tones. Splash radiates a cheerful, crisp environment that floods the area with a revitalizing and high-spirited atmosphere.","1/4"" | 1/8"" | 1/16""","F1820","White","40",""
"Splash",,"splash","This vibrant blend channels the natural energy of a sunlit citrus grove by combining fresh botanical greens, bright whites, and energetic orange tones. Splash radiates a cheerful, crisp environment that floods the area with a revitalizing and high-spirited atmosphere.","1/4"" | 1/8"" | 1/16""","F9959","Antique White","40",""
"Splash",,"splash","This vibrant blend channels the natural energy of a sunlit citrus grove by combining fresh botanical greens, bright whites, and energetic orange tones. Splash radiates a cheerful, crisp environment that floods the area with a revitalizing and high-spirited atmosphere.","1/4"" | 1/8"" | 1/16""","F6804","Gladiola","10",""
"Splash",,"splash","This vibrant blend channels the natural energy of a sunlit citrus grove by combining fresh botanical greens, bright whites, and energetic orange tones. Splash radiates a cheerful, crisp environment that floods the area with a revitalizing and high-spirited atmosphere.","1/4"" | 1/8"" | 1/16""","F6617","Teal","5",""
"Splash",,"splash","This vibrant blend channels the natural energy of a sunlit citrus grove by combining fresh botanical greens, bright whites, and energetic orange tones. Splash radiates a cheerful, crisp environment that floods the area with a revitalizing and high-spirited atmosphere.","1/4"" | 1/8"" | 1/16""","F1560","Mint Green","5",""
"Gumbo",,"gumbo","This welcoming palette draws natural inspiration from active riverbeds by fusing rich browns, slate grays, clean whites, and deep blacks. Gumbo establishes an educational, grounded environment that infuses a balanced and highly organic energy into the surrounding area.","","F9959","Antique White","45",""
"Gumbo",,"gumbo","This welcoming palette draws natural inspiration from active riverbeds by fusing rich browns, slate grays, clean whites, and deep blacks. Gumbo establishes an educational, grounded environment that infuses a balanced and highly organic energy into the surrounding area.","","F1820","White","30",""
"Gumbo",,"gumbo","This welcoming palette draws natural inspiration from active riverbeds by fusing rich browns, slate grays, clean whites, and deep blacks. Gumbo establishes an educational, grounded environment that infuses a balanced and highly organic energy into the surrounding area.","","F9981","Potter","15",""
"Gumbo",,"gumbo","This welcoming palette draws natural inspiration from active riverbeds by fusing rich browns, slate grays, clean whites, and deep blacks. Gumbo establishes an educational, grounded environment that infuses a balanced and highly organic energy into the surrounding area.","","F9902","Black Iron Oxide","5",""
"Gumbo",,"gumbo","This welcoming palette draws natural inspiration from active riverbeds by fusing rich browns, slate grays, clean whites, and deep blacks. Gumbo establishes an educational, grounded environment that infuses a balanced and highly organic energy into the surrounding area.","","F5114","Ebony","5",""
"Swoop",,"swoop","This modern palette captures the spirit of a lively landscape by combining vibrant green, deep black, and crisp white against a stabilizing gray foundation. The dynamic color distribution of Swoop interacts beautifully with incoming daylight to cultivate a fresh, high-energy environment that maximizes the natural movement of the layout.","1/4"" | 1/8"" | 1/16""","F9991","Gardenview","45",""
"Swoop",,"swoop","This modern palette captures the spirit of a lively landscape by combining vibrant green, deep black, and crisp white against a stabilizing gray foundation. The dynamic color distribution of Swoop interacts beautifully with incoming daylight to cultivate a fresh, high-energy environment that maximizes the natural movement of the layout.","1/4"" | 1/8"" | 1/16""","F1560","Mint Green","30",""
"Swoop",,"swoop","This modern palette captures the spirit of a lively landscape by combining vibrant green, deep black, and crisp white against a stabilizing gray foundation. The dynamic color distribution of Swoop interacts beautifully with incoming daylight to cultivate a fresh, high-energy environment that maximizes the natural movement of the layout.","1/4"" | 1/8"" | 1/16""","F1820","White","10",""
"Swoop",,"swoop","This modern palette captures the spirit of a lively landscape by combining vibrant green, deep black, and crisp white against a stabilizing gray foundation. The dynamic color distribution of Swoop interacts beautifully with incoming daylight to cultivate a fresh, high-energy environment that maximizes the natural movement of the layout.","1/4"" | 1/8"" | 1/16""","F9902","Black Iron Oxide","10",""
"Swoop",,"swoop","This modern palette captures the spirit of a lively landscape by combining vibrant green, deep black, and crisp white against a stabilizing gray foundation. The dynamic color distribution of Swoop interacts beautifully with incoming daylight to cultivate a fresh, high-energy environment that maximizes the natural movement of the layout.","1/4"" | 1/8"" | 1/16""","F1800","Whisper Gray","5",""
"Steel City",,"steel-city","This multi-colored blend captures a festive, high-octane spirit through a playful interplay of bold black, bright white, yellow, red, and blue tones. Steel City infuses the surrounding environment with an exciting, creative atmosphere that balances multi-toned versatility with dynamic, high-performance energy.","1/4"" | 1/8"" | 1/16""","F9902","Black Iron Oxide","40",""
"Steel City",,"steel-city","This multi-colored blend captures a festive, high-octane spirit through a playful interplay of bold black, bright white, yellow, red, and blue tones. Steel City infuses the surrounding environment with an exciting, creative atmosphere that balances multi-toned versatility with dynamic, high-performance energy.","1/4"" | 1/8"" | 1/16""","F1050","Black","35",""
"Steel City",,"steel-city","This multi-colored blend captures a festive, high-octane spirit through a playful interplay of bold black, bright white, yellow, red, and blue tones. Steel City infuses the surrounding environment with an exciting, creative atmosphere that balances multi-toned versatility with dynamic, high-performance energy.","1/4"" | 1/8"" | 1/16""","F1820","White","6",""
"Steel City",,"steel-city","This multi-colored blend captures a festive, high-octane spirit through a playful interplay of bold black, bright white, yellow, red, and blue tones. Steel City infuses the surrounding environment with an exciting, creative atmosphere that balances multi-toned versatility with dynamic, high-performance energy.","1/4"" | 1/8"" | 1/16""","F9959","Antique White","3",""
"Steel City",,"steel-city","This multi-colored blend captures a festive, high-octane spirit through a playful interplay of bold black, bright white, yellow, red, and blue tones. Steel City infuses the surrounding environment with an exciting, creative atmosphere that balances multi-toned versatility with dynamic, high-performance energy.","1/4"" | 1/8"" | 1/16""","F9983","Hypnotic","2",""
"Steel City",,"steel-city","This multi-colored blend captures a festive, high-octane spirit through a playful interplay of bold black, bright white, yellow, red, and blue tones. Steel City infuses the surrounding environment with an exciting, creative atmosphere that balances multi-toned versatility with dynamic, high-performance energy.","1/4"" | 1/8"" | 1/16""","F9978","Tomato","2",""
"Steel City",,"steel-city","This multi-colored blend captures a festive, high-octane spirit through a playful interplay of bold black, bright white, yellow, red, and blue tones. Steel City infuses the surrounding environment with an exciting, creative atmosphere that balances multi-toned versatility with dynamic, high-performance energy.","1/4"" | 1/8"" | 1/16""","F2200","Primary Yellow","12",""
"Blitz",,"blitz","This high-voltage blend captures the electric energy of game day by charging a stable gray foundation with vibrant oceanic blue, emerald green, and crisp white. Blitz delivers an athletic, high-spirited punch that instantly activates a room, making it an ideal choice for pairing with bright accents and modern white finishes.","1/4"" | 1/8"" | 1/16""","F9969","Navy","80",""
"Blitz",,"blitz","This high-voltage blend captures the electric energy of game day by charging a stable gray foundation with vibrant oceanic blue, emerald green, and crisp white. Blitz delivers an athletic, high-spirited punch that instantly activates a room, making it an ideal choice for pairing with bright accents and modern white finishes.","1/4"" | 1/8"" | 1/16""","F1130","Dark Blue","2",""
"Blitz",,"blitz","This high-voltage blend captures the electric energy of game day by charging a stable gray foundation with vibrant oceanic blue, emerald green, and crisp white. Blitz delivers an athletic, high-spirited punch that instantly activates a room, making it an ideal choice for pairing with bright accents and modern white finishes.","1/4"" | 1/8"" | 1/16""","F5102","Lime","6",""
"Blitz",,"blitz","This high-voltage blend captures the electric energy of game day by charging a stable gray foundation with vibrant oceanic blue, emerald green, and crisp white. Blitz delivers an athletic, high-spirited punch that instantly activates a room, making it an ideal choice for pairing with bright accents and modern white finishes.","1/4"" | 1/8"" | 1/16""","F9961","Functional Gray","10",""
"Blitz",,"blitz","This high-voltage blend captures the electric energy of game day by charging a stable gray foundation with vibrant oceanic blue, emerald green, and crisp white. Blitz delivers an athletic, high-spirited punch that instantly activates a room, making it an ideal choice for pairing with bright accents and modern white finishes.","1/4"" | 1/8"" | 1/16""","F9959","Antique White","2",""
"Boom",,"boom","This dynamic palette brings a natural, high-performance energy to your space by striking a calculated balance between crisp sky blue, botanical green, grounding gray, and clean white. Boom creates an instant visual impact that pairs flawlessly with raw stone textures, matte black finishes, and modern canvas whites.","1/4"" | 1/8"" | 1/16""","F1820","White","75",""
"Boom",,"boom","This dynamic palette brings a natural, high-performance energy to your space by striking a calculated balance between crisp sky blue, botanical green, grounding gray, and clean white. Boom creates an instant visual impact that pairs flawlessly with raw stone textures, matte black finishes, and modern canvas whites.","1/4"" | 1/8"" | 1/16""","F9961","Functional Gray","10",""
"Boom",,"boom","This dynamic palette brings a natural, high-performance energy to your space by striking a calculated balance between crisp sky blue, botanical green, grounding gray, and clean white. Boom creates an instant visual impact that pairs flawlessly with raw stone textures, matte black finishes, and modern canvas whites.","1/4"" | 1/8"" | 1/16""","F9969","Navy","10",""
"Boom",,"boom","This dynamic palette brings a natural, high-performance energy to your space by striking a calculated balance between crisp sky blue, botanical green, grounding gray, and clean white. Boom creates an instant visual impact that pairs flawlessly with raw stone textures, matte black finishes, and modern canvas whites.","1/4"" | 1/8"" | 1/16""","F5102","Lime","5",""
"Viktor",,"viktor","This adventurous palette delivers a spirited, modern environment by combining a high-contrast mix of pristine white, cheerful yellow, and regal purple tones. Viktor offers an educational masterclass in creative color theory, interacting beautifully with light to celebrate and maximize the unique layout of the surrounding area.","1/4"" | 1/8"" | 1/16""","F1820","White","60",""
"Viktor",,"viktor","This adventurous palette delivers a spirited, modern environment by combining a high-contrast mix of pristine white, cheerful yellow, and regal purple tones. Viktor offers an educational masterclass in creative color theory, interacting beautifully with light to celebrate and maximize the unique layout of the surrounding area.","1/4"" | 1/8"" | 1/16""","F9959","Antique White","20",""
"Viktor",,"viktor","This adventurous palette delivers a spirited, modern environment by combining a high-contrast mix of pristine white, cheerful yellow, and regal purple tones. Viktor offers an educational masterclass in creative color theory, interacting beautifully with light to celebrate and maximize the unique layout of the surrounding area.","1/4"" | 1/8"" | 1/16""","F9993","Grape","3",""
"Viktor",,"viktor","This adventurous palette delivers a spirited, modern environment by combining a high-contrast mix of pristine white, cheerful yellow, and regal purple tones. Viktor offers an educational masterclass in creative color theory, interacting beautifully with light to celebrate and maximize the unique layout of the surrounding area.","1/4"" | 1/8"" | 1/16""","F1020","Amethyst","10",""
"Viktor",,"viktor","This adventurous palette delivers a spirited, modern environment by combining a high-contrast mix of pristine white, cheerful yellow, and regal purple tones. Viktor offers an educational masterclass in creative color theory, interacting beautifully with light to celebrate and maximize the unique layout of the surrounding area.","1/4"" | 1/8"" | 1/16""","F2200","Primary Yellow","7",""
"Skol",,"skol","This celebratory blend captures a festive, high-octane spirit through a playful interplay of royal purple, bright white, and vibrant yellow tones. Skol infuses the surrounding environment with an exciting, creative atmosphere that balances bold athletic energy with sophisticated color design.","1/4"" | 1/8"" | 1/16""","F5104","African Violet","50",""
"Skol",,"skol","This celebratory blend captures a festive, high-octane spirit through a playful interplay of royal purple, bright white, and vibrant yellow tones. Skol infuses the surrounding environment with an exciting, creative atmosphere that balances bold athletic energy with sophisticated color design.","1/4"" | 1/8"" | 1/16""","F9993","Grape","40",""
"Skol",,"skol","This celebratory blend captures a festive, high-octane spirit through a playful interplay of royal purple, bright white, and vibrant yellow tones. Skol infuses the surrounding environment with an exciting, creative atmosphere that balances bold athletic energy with sophisticated color design.","1/4"" | 1/8"" | 1/16""","F1820","White","4",""
"Skol",,"skol","This celebratory blend captures a festive, high-octane spirit through a playful interplay of royal purple, bright white, and vibrant yellow tones. Skol infuses the surrounding environment with an exciting, creative atmosphere that balances bold athletic energy with sophisticated color design.","1/4"" | 1/8"" | 1/16""","F9959","Antique White","2",""
"Skol",,"skol","This celebratory blend captures a festive, high-octane spirit through a playful interplay of royal purple, bright white, and vibrant yellow tones. Skol infuses the surrounding environment with an exciting, creative atmosphere that balances bold athletic energy with sophisticated color design.","1/4"" | 1/8"" | 1/16""","F2200","Primary Yellow","4",""
"Poe",,"poe","This design-forward palette features an engaging, high-contrast mix of deep black, pure white, cheerful yellow, and regal purple tones. Poe crafts a spirited, creative environment that radiates athletic energy and provides an educational masterclass in bold color design.","1/4"" | 1/8"" | 1/16""","F9902","Black Iron Oxide","40",""
"Poe",,"poe","This design-forward palette features an engaging, high-contrast mix of deep black, pure white, cheerful yellow, and regal purple tones. Poe crafts a spirited, creative environment that radiates athletic energy and provides an educational masterclass in bold color design.","1/4"" | 1/8"" | 1/16""","F1050","Black","35",""
"Poe",,"poe","This design-forward palette features an engaging, high-contrast mix of deep black, pure white, cheerful yellow, and regal purple tones. Poe crafts a spirited, creative environment that radiates athletic energy and provides an educational masterclass in bold color design.","1/4"" | 1/8"" | 1/16""","F5104","African Violet","10",""
"Poe",,"poe","This design-forward palette features an engaging, high-contrast mix of deep black, pure white, cheerful yellow, and regal purple tones. Poe crafts a spirited, creative environment that radiates athletic energy and provides an educational masterclass in bold color design.","1/4"" | 1/8"" | 1/16""","F1820","White","8",""
"Poe",,"poe","This design-forward palette features an engaging, high-contrast mix of deep black, pure white, cheerful yellow, and regal purple tones. Poe crafts a spirited, creative environment that radiates athletic energy and provides an educational masterclass in bold color design.","1/4"" | 1/8"" | 1/16""","F1570","Mustard","4",""
"Poe",,"poe","This design-forward palette features an engaging, high-contrast mix of deep black, pure white, cheerful yellow, and regal purple tones. Poe crafts a spirited, creative environment that radiates athletic energy and provides an educational masterclass in bold color design.","1/4"" | 1/8"" | 1/16""","F9993","Grape","3",""
"Conquer",,"conquer","This bold and adventurous palette radiates a majestic energy by juxtaposing deep midnight black and crisp white against high-contrast yellow and royal purple tones. The vibrant color combination of Conquer injects an optimistic, high-intensity atmosphere that instantly transforms the surrounding environment.","1/4"" | 1/8"" | 1/16""","F5104","African Violet","60",""
"Conquer",,"conquer","This bold and adventurous palette radiates a majestic energy by juxtaposing deep midnight black and crisp white against high-contrast yellow and royal purple tones. The vibrant color combination of Conquer injects an optimistic, high-intensity atmosphere that instantly transforms the surrounding environment.","1/4"" | 1/8"" | 1/16""","F9993","Grape","15",""
"Conquer",,"conquer","This bold and adventurous palette radiates a majestic energy by juxtaposing deep midnight black and crisp white against high-contrast yellow and royal purple tones. The vibrant color combination of Conquer injects an optimistic, high-intensity atmosphere that instantly transforms the surrounding environment.","1/4"" | 1/8"" | 1/16""","F9902","Black Iron Oxide","10",""
"Conquer",,"conquer","This bold and adventurous palette radiates a majestic energy by juxtaposing deep midnight black and crisp white against high-contrast yellow and royal purple tones. The vibrant color combination of Conquer injects an optimistic, high-intensity atmosphere that instantly transforms the surrounding environment.","1/4"" | 1/8"" | 1/16""","F1050","Black","10",""
"Conquer",,"conquer","This bold and adventurous palette radiates a majestic energy by juxtaposing deep midnight black and crisp white against high-contrast yellow and royal purple tones. The vibrant color combination of Conquer injects an optimistic, high-intensity atmosphere that instantly transforms the surrounding environment.","1/4"" | 1/8"" | 1/16""","F1570","Mustard","3",""
"Conquer",,"conquer","This bold and adventurous palette radiates a majestic energy by juxtaposing deep midnight black and crisp white against high-contrast yellow and royal purple tones. The vibrant color combination of Conquer injects an optimistic, high-intensity atmosphere that instantly transforms the surrounding environment.","1/4"" | 1/8"" | 1/16""","F1820","White","2",""
"Rise",,"rise","The bold and artistic formulation of Rise, weaves deep black, pristine white, and energetic yellow with royal purple tones. The high-contrast color family generates a majestic, optimistic environment that delivers an unmistakable visual punch and charges the surrounding layout with active momentum.","1/4"" | 1/8"" | 1/16""","F1820","White","60",""
"Rise",,"rise","The bold and artistic formulation of Rise, weaves deep black, pristine white, and energetic yellow with royal purple tones. The high-contrast color family generates a majestic, optimistic environment that delivers an unmistakable visual punch and charges the surrounding layout with active momentum.","1/4"" | 1/8"" | 1/16""","F1050","Black","10",""
"Rise",,"rise","The bold and artistic formulation of Rise, weaves deep black, pristine white, and energetic yellow with royal purple tones. The high-contrast color family generates a majestic, optimistic environment that delivers an unmistakable visual punch and charges the surrounding layout with active momentum.","1/4"" | 1/8"" | 1/16""","F5104","African Violet","10",""
"Rise",,"rise","The bold and artistic formulation of Rise, weaves deep black, pristine white, and energetic yellow with royal purple tones. The high-contrast color family generates a majestic, optimistic environment that delivers an unmistakable visual punch and charges the surrounding layout with active momentum.","1/4"" | 1/8"" | 1/16""","F9959","Antique White","10",""
"Rise",,"rise","The bold and artistic formulation of Rise, weaves deep black, pristine white, and energetic yellow with royal purple tones. The high-contrast color family generates a majestic, optimistic environment that delivers an unmistakable visual punch and charges the surrounding layout with active momentum.","1/4"" | 1/8"" | 1/16""","F1570","Mustard","5",""
"Rise",,"rise","The bold and artistic formulation of Rise, weaves deep black, pristine white, and energetic yellow with royal purple tones. The high-contrast color family generates a majestic, optimistic environment that delivers an unmistakable visual punch and charges the surrounding layout with active momentum.","1/4"" | 1/8"" | 1/16""","F9902","Black Iron Oxide","5",""
"Charlotte",,"charlotte","The refreshing palette of Charlotte, channels the crisp atmosphere of a winter landscape by layering cool winter blue, stark white, and deep black across a sea of gentle grays. The harmonious color science creates a balanced yet active composition that effortlessly revitalizes the surrounding environment.","1/4"" | 1/8"" | 1/16""","F1820","White","50",""
"Charlotte",,"charlotte","The refreshing palette of Charlotte, channels the crisp atmosphere of a winter landscape by layering cool winter blue, stark white, and deep black across a sea of gentle grays. The harmonious color science creates a balanced yet active composition that effortlessly revitalizes the surrounding environment.","1/4"" | 1/8"" | 1/16""","F9903","Online","20",""
"Charlotte",,"charlotte","The refreshing palette of Charlotte, channels the crisp atmosphere of a winter landscape by layering cool winter blue, stark white, and deep black across a sea of gentle grays. The harmonious color science creates a balanced yet active composition that effortlessly revitalizes the surrounding environment.","1/4"" | 1/8"" | 1/16""","F1140","Delray Blue","15",""
"Charlotte",,"charlotte","The refreshing palette of Charlotte, channels the crisp atmosphere of a winter landscape by layering cool winter blue, stark white, and deep black across a sea of gentle grays. The harmonious color science creates a balanced yet active composition that effortlessly revitalizes the surrounding environment.","1/4"" | 1/8"" | 1/16""","F9902","Black Iron Oxide","10",""
"Charlotte",,"charlotte","The refreshing palette of Charlotte, channels the crisp atmosphere of a winter landscape by layering cool winter blue, stark white, and deep black across a sea of gentle grays. The harmonious color science creates a balanced yet active composition that effortlessly revitalizes the surrounding environment.","1/4"" | 1/8"" | 1/16""","F9959","Antique White","3",""
"Charlotte",,"charlotte","The refreshing palette of Charlotte, channels the crisp atmosphere of a winter landscape by layering cool winter blue, stark white, and deep black across a sea of gentle grays. The harmonious color science creates a balanced yet active composition that effortlessly revitalizes the surrounding environment.","1/4"" | 1/8"" | 1/16""","F9963","Cobalt Blue","2",""
"Rowdy",,"rowdy","This refreshing palette channels the natural energy of wide-open summer skies by harmonizing vibrant blue tones with bright white highlights. Rowdy creates an airy, high-impact environment that infuses a clean and highly energized spirit into the surrounding area.","1/4"" | 1/8"" | 1/16""","F1820","White","50",""
"Rowdy",,"rowdy","This refreshing palette channels the natural energy of wide-open summer skies by harmonizing vibrant blue tones with bright white highlights. Rowdy creates an airy, high-impact environment that infuses a clean and highly energized spirit into the surrounding area.","1/4"" | 1/8"" | 1/16""","F9959","Antique White","30",""
"Rowdy",,"rowdy","This refreshing palette channels the natural energy of wide-open summer skies by harmonizing vibrant blue tones with bright white highlights. Rowdy creates an airy, high-impact environment that infuses a clean and highly energized spirit into the surrounding area.","1/4"" | 1/8"" | 1/16""","F9983","Hypnotic","4",""
"Rowdy",,"rowdy","This refreshing palette channels the natural energy of wide-open summer skies by harmonizing vibrant blue tones with bright white highlights. Rowdy creates an airy, high-impact environment that infuses a clean and highly energized spirit into the surrounding area.","1/4"" | 1/8"" | 1/16""","F9962","Jetstream","10",""
"Rowdy",,"rowdy","This refreshing palette channels the natural energy of wide-open summer skies by harmonizing vibrant blue tones with bright white highlights. Rowdy creates an airy, high-impact environment that infuses a clean and highly energized spirit into the surrounding area.","1/4"" | 1/8"" | 1/16""","F9907","Blue Ox","6",""
"Pat",,"pat","This clean blend delivers a confident and grounded presence by artfully interlacing a classic trio of snowy white, energetic red, and deep blue tones. Pat utilizes advanced color harmony to generate an active, high-performance environment that instantly enlivens the surrounding area.","1/4"" | 1/8"" | 1/16""","F9969","Navy","60",""
"Pat",,"pat","This clean blend delivers a confident and grounded presence by artfully interlacing a classic trio of snowy white, energetic red, and deep blue tones. Pat utilizes advanced color harmony to generate an active, high-performance environment that instantly enlivens the surrounding area.","1/4"" | 1/8"" | 1/16""","F1130","Dark Blue","30",""
"Pat",,"pat","This clean blend delivers a confident and grounded presence by artfully interlacing a classic trio of snowy white, energetic red, and deep blue tones. Pat utilizes advanced color harmony to generate an active, high-performance environment that instantly enlivens the surrounding area.","1/4"" | 1/8"" | 1/16""","F9978","Tomato","4",""
"Pat",,"pat","This clean blend delivers a confident and grounded presence by artfully interlacing a classic trio of snowy white, energetic red, and deep blue tones. Pat utilizes advanced color harmony to generate an active, high-performance environment that instantly enlivens the surrounding area.","1/4"" | 1/8"" | 1/16""","F1820","White","3",""
"Pat",,"pat","This clean blend delivers a confident and grounded presence by artfully interlacing a classic trio of snowy white, energetic red, and deep blue tones. Pat utilizes advanced color harmony to generate an active, high-performance environment that instantly enlivens the surrounding area.","1/4"" | 1/8"" | 1/16""","F9959","Antique White","3",""
"Rebel",,"rebel","This striking color story maximizes visual performance by anchoring a crisp white foundation with energetic red and deep blue accents. Rebel establishes a confident, high-contrast environment that charges the surrounding layout with a bold and active signature style","1/4"" | 1/8"" | 1/16""","F1820","White","60",""
"Rebel",,"rebel","This striking color story maximizes visual performance by anchoring a crisp white foundation with energetic red and deep blue accents. Rebel establishes a confident, high-contrast environment that charges the surrounding layout with a bold and active signature style","1/4"" | 1/8"" | 1/16""","F9959","Antique White","30",""
"Rebel",,"rebel","This striking color story maximizes visual performance by anchoring a crisp white foundation with energetic red and deep blue accents. Rebel establishes a confident, high-contrast environment that charges the surrounding layout with a bold and active signature style","1/4"" | 1/8"" | 1/16""","F9978","Tomato","4",""
"Rebel",,"rebel","This striking color story maximizes visual performance by anchoring a crisp white foundation with energetic red and deep blue accents. Rebel establishes a confident, high-contrast environment that charges the surrounding layout with a bold and active signature style","1/4"" | 1/8"" | 1/16""","F9969","Navy","3",""
"Rebel",,"rebel","This striking color story maximizes visual performance by anchoring a crisp white foundation with energetic red and deep blue accents. Rebel establishes a confident, high-contrast environment that charges the surrounding layout with a bold and active signature style","1/4"" | 1/8"" | 1/16""","F1130","Dark Blue","3",""
"Roary",,"roary","This clean composition channels the natural tranquility of an alpine lake by weaving soothing river grays, pure white, and refreshing blue tones. Roary establishes an educated, high-energy environment that delivers a crisp and modern atmosphere to the surrounding area.","1/4"" | 1/8"" | 1/16""","F1140","Delray Blue","70",""
"Roary",,"roary","This clean composition channels the natural tranquility of an alpine lake by weaving soothing river grays, pure white, and refreshing blue tones. Roary establishes an educated, high-energy environment that delivers a crisp and modern atmosphere to the surrounding area.","1/4"" | 1/8"" | 1/16""","F1820","White","15",""
"Roary",,"roary","This clean composition channels the natural tranquility of an alpine lake by weaving soothing river grays, pure white, and refreshing blue tones. Roary establishes an educated, high-energy environment that delivers a crisp and modern atmosphere to the surrounding area.","1/4"" | 1/8"" | 1/16""","F9961","Functional Gray","5",""
"Roary",,"roary","This clean composition channels the natural tranquility of an alpine lake by weaving soothing river grays, pure white, and refreshing blue tones. Roary establishes an educated, high-energy environment that delivers a crisp and modern atmosphere to the surrounding area.","1/4"" | 1/8"" | 1/16""","F9963","Cobalt Blue","10",""
"Gold Rush",,"gold-rush","This celebratory palette delivers high-energy warmth by merging a rich sun-drenched yellow and warm white with targeted splashes of autumnal red. Gold Rush evokes a joyful, welcoming environment, using advanced color harmony to infuse a vibrant, golden-hour radiance into the surrounding area.","1/4"" | 1/8"" | 1/16""","F1820","White","45",""
"Gold Rush",,"gold-rush","This celebratory palette delivers high-energy warmth by merging a rich sun-drenched yellow and warm white with targeted splashes of autumnal red. Gold Rush evokes a joyful, welcoming environment, using advanced color harmony to infuse a vibrant, golden-hour radiance into the surrounding area.","1/4"" | 1/8"" | 1/16""","F9959","Antique White","30",""
"Gold Rush",,"gold-rush","This celebratory palette delivers high-energy warmth by merging a rich sun-drenched yellow and warm white with targeted splashes of autumnal red. Gold Rush evokes a joyful, welcoming environment, using advanced color harmony to infuse a vibrant, golden-hour radiance into the surrounding area.","1/4"" | 1/8"" | 1/16""","F1570","Mustard","15",""
"Gold Rush",,"gold-rush","This celebratory palette delivers high-energy warmth by merging a rich sun-drenched yellow and warm white with targeted splashes of autumnal red. Gold Rush evokes a joyful, welcoming environment, using advanced color harmony to infuse a vibrant, golden-hour radiance into the surrounding area.","1/4"" | 1/8"" | 1/16""","F9978","Tomato","7",""
"Gold Rush",,"gold-rush","This celebratory palette delivers high-energy warmth by merging a rich sun-drenched yellow and warm white with targeted splashes of autumnal red. Gold Rush evokes a joyful, welcoming environment, using advanced color harmony to infuse a vibrant, golden-hour radiance into the surrounding area.","1/4"" | 1/8"" | 1/16""","F9995","Berry","3",""
"Tiger",,"tiger","This striking combination unleashes high-octane visual performance by juxtaposing a sharp black and pristine white foundation against fiery, celebratory splashes of citrus orange. Tiger delivers an educational example of high-contrast design, infusing the surrounding environment with a bold, unforgettable athletic energy.","1/4"" | 1/8"" | 1/16""","F1050","Black","40",""
"Tiger",,"tiger","This striking combination unleashes high-octane visual performance by juxtaposing a sharp black and pristine white foundation against fiery, celebratory splashes of citrus orange. Tiger delivers an educational example of high-contrast design, infusing the surrounding environment with a bold, unforgettable athletic energy.","1/4"" | 1/8"" | 1/16""","F9902","Black Iron Oxide","35",""
"Tiger",,"tiger","This striking combination unleashes high-octane visual performance by juxtaposing a sharp black and pristine white foundation against fiery, celebratory splashes of citrus orange. Tiger delivers an educational example of high-contrast design, infusing the surrounding environment with a bold, unforgettable athletic energy.","1/4"" | 1/8"" | 1/16""","F2160","Orange","10",""
"Tiger",,"tiger","This striking combination unleashes high-octane visual performance by juxtaposing a sharp black and pristine white foundation against fiery, celebratory splashes of citrus orange. Tiger delivers an educational example of high-contrast design, infusing the surrounding environment with a bold, unforgettable athletic energy.","1/4"" | 1/8"" | 1/16""","F1820","White","8",""
"Tiger",,"tiger","This striking combination unleashes high-octane visual performance by juxtaposing a sharp black and pristine white foundation against fiery, celebratory splashes of citrus orange. Tiger delivers an educational example of high-contrast design, infusing the surrounding environment with a bold, unforgettable athletic energy.","1/4"" | 1/8"" | 1/16""","F9959","Antique White","4",""
"Tiger",,"tiger","This striking combination unleashes high-octane visual performance by juxtaposing a sharp black and pristine white foundation against fiery, celebratory splashes of citrus orange. Tiger delivers an educational example of high-contrast design, infusing the surrounding environment with a bold, unforgettable athletic energy.","1/4"" | 1/8"" | 1/16""","F9979","Squash","3",""
"Growl",,"growl","This high-contrast palette unleashes striking athletic energy by anchoring a stark black and white foundation with vivid flashes of citrus orange. Growl establishes a bold, confident environment that commands attention and delivers an instant visual punch to the surrounding area.","1/4"" | 1/8"" | 1/16""","F1820","White","60",""
"Growl",,"growl","This high-contrast palette unleashes striking athletic energy by anchoring a stark black and white foundation with vivid flashes of citrus orange. Growl establishes a bold, confident environment that commands attention and delivers an instant visual punch to the surrounding area.","1/4"" | 1/8"" | 1/16""","F9959","Antique White","15",""
"Growl",,"growl","This high-contrast palette unleashes striking athletic energy by anchoring a stark black and white foundation with vivid flashes of citrus orange. Growl establishes a bold, confident environment that commands attention and delivers an instant visual punch to the surrounding area.","1/4"" | 1/8"" | 1/16""","F1050","Black","10",""
"Growl",,"growl","This high-contrast palette unleashes striking athletic energy by anchoring a stark black and white foundation with vivid flashes of citrus orange. Growl establishes a bold, confident environment that commands attention and delivers an instant visual punch to the surrounding area.","1/4"" | 1/8"" | 1/16""","F2160","Orange","10",""
"Growl",,"growl","This high-contrast palette unleashes striking athletic energy by anchoring a stark black and white foundation with vivid flashes of citrus orange. Growl establishes a bold, confident environment that commands attention and delivers an instant visual punch to the surrounding area.","1/4"" | 1/8"" | 1/16""","F9902","Black Iron Oxide","5",""
"Freddie",,"freddie","This striking color story maximizes visual performance by anchoring a crisp white and deep gray base with energetic red and midnight black accents. Freddie establishes a confident, high-contrast environment that charges the surrounding area with a bold and active signature style.","1/4"" | 1/8"" | 1/16""","F9902","Black Iron Oxide","55",""
"Freddie",,"freddie","This striking color story maximizes visual performance by anchoring a crisp white and deep gray base with energetic red and midnight black accents. Freddie establishes a confident, high-contrast environment that charges the surrounding area with a bold and active signature style.","1/4"" | 1/8"" | 1/16""","F1050","Black","20",""
"Freddie",,"freddie","This striking color story maximizes visual performance by anchoring a crisp white and deep gray base with energetic red and midnight black accents. Freddie establishes a confident, high-contrast environment that charges the surrounding area with a bold and active signature style.","1/4"" | 1/8"" | 1/16""","F9995","Berry","10",""
"Freddie",,"freddie","This striking color story maximizes visual performance by anchoring a crisp white and deep gray base with energetic red and midnight black accents. Freddie establishes a confident, high-contrast environment that charges the surrounding area with a bold and active signature style.","1/4"" | 1/8"" | 1/16""","F1820","White","8",""
"Freddie",,"freddie","This striking color story maximizes visual performance by anchoring a crisp white and deep gray base with energetic red and midnight black accents. Freddie establishes a confident, high-contrast environment that charges the surrounding area with a bold and active signature style.","1/4"" | 1/8"" | 1/16""","F9959","Antique White","3",""
"Freddie",,"freddie","This striking color story maximizes visual performance by anchoring a crisp white and deep gray base with energetic red and midnight black accents. Freddie establishes a confident, high-contrast environment that charges the surrounding area with a bold and active signature style.","1/4"" | 1/8"" | 1/16""","F2240","Red","4",""
"Talon",,"talon","This welcoming palette creates a grounded, high-performance environment by harmonizing snowy white, deep black, and warm autumn red tones. The rich palette of Talon, uses balanced color design to integrate beautifully with deep tones and warm neutrals, establishing a confident and sheltering presence across the surrounding area.","1/4"" | 1/8"" | 1/16""","F1820","White","50",""
"Talon",,"talon","This welcoming palette creates a grounded, high-performance environment by harmonizing snowy white, deep black, and warm autumn red tones. The rich palette of Talon, uses balanced color design to integrate beautifully with deep tones and warm neutrals, establishing a confident and sheltering presence across the surrounding area.","1/4"" | 1/8"" | 1/16""","F9959","Antique White","30",""
"Talon",,"talon","This welcoming palette creates a grounded, high-performance environment by harmonizing snowy white, deep black, and warm autumn red tones. The rich palette of Talon, uses balanced color design to integrate beautifully with deep tones and warm neutrals, establishing a confident and sheltering presence across the surrounding area.","1/4"" | 1/8"" | 1/16""","F9995","Berry","10",""
"Talon",,"talon","This welcoming palette creates a grounded, high-performance environment by harmonizing snowy white, deep black, and warm autumn red tones. The rich palette of Talon, uses balanced color design to integrate beautifully with deep tones and warm neutrals, establishing a confident and sheltering presence across the surrounding area.","1/4"" | 1/8"" | 1/16""","F9902","Black Iron Oxide","8",""
"Talon",,"talon","This welcoming palette creates a grounded, high-performance environment by harmonizing snowy white, deep black, and warm autumn red tones. The rich palette of Talon, uses balanced color design to integrate beautifully with deep tones and warm neutrals, establishing a confident and sheltering presence across the surrounding area.","1/4"" | 1/8"" | 1/16""","F2240","Red","2",""
"Lambeau",,"lambeau","This celebratory palette captures a classic, high-octane spirit through a playful interplay of forest green, bright white, and vibrant yellow tones. Lambeau infuses the surrounding environment with an exciting, welcoming atmosphere that balances bold athletic energy with sophisticated color design.","","F1360","Forest Green","50",""
"Lambeau",,"lambeau","This celebratory palette captures a classic, high-octane spirit through a playful interplay of forest green, bright white, and vibrant yellow tones. Lambeau infuses the surrounding environment with an exciting, welcoming atmosphere that balances bold athletic energy with sophisticated color design.","","F1820","White","10",""
"Lambeau",,"lambeau","This celebratory palette captures a classic, high-octane spirit through a playful interplay of forest green, bright white, and vibrant yellow tones. Lambeau infuses the surrounding environment with an exciting, welcoming atmosphere that balances bold athletic energy with sophisticated color design.","","F2200","Primary Yellow","40",""
"Yellow Jacket",,"yellow-jacket","This high-contrast palette unleashes striking athletic energy by anchoring a sharp black, gray, and white foundation with bold, celebratory splashes of citrus yellow. Yellow Jacket establishes an adventurous, modern environment that delivers an unmistakable visual punch and dramatically heightens the visual interest of low-light areas.","1/4"" | 1/8"" | 1/16""","F1050","Black","25",""
"Yellow Jacket",,"yellow-jacket","This high-contrast palette unleashes striking athletic energy by anchoring a sharp black, gray, and white foundation with bold, celebratory splashes of citrus yellow. Yellow Jacket establishes an adventurous, modern environment that delivers an unmistakable visual punch and dramatically heightens the visual interest of low-light areas.","1/4"" | 1/8"" | 1/16""","F1820","White","25",""
"Yellow Jacket",,"yellow-jacket","This high-contrast palette unleashes striking athletic energy by anchoring a sharp black, gray, and white foundation with bold, celebratory splashes of citrus yellow. Yellow Jacket establishes an adventurous, modern environment that delivers an unmistakable visual punch and dramatically heightens the visual interest of low-light areas.","1/4"" | 1/8"" | 1/16""","F9903","Online","25",""
"Yellow Jacket",,"yellow-jacket","This high-contrast palette unleashes striking athletic energy by anchoring a sharp black, gray, and white foundation with bold, celebratory splashes of citrus yellow. Yellow Jacket establishes an adventurous, modern environment that delivers an unmistakable visual punch and dramatically heightens the visual interest of low-light areas.","1/4"" | 1/8"" | 1/16""","F2200","Primary Yellow","25",""
"Hog",,"hog","This spirited palette anchors a clean gray and white foundation with bold black and lively, high-octane orange accents. Hog delivers an engaging, modern environment that uses balanced color to pump active energy and warmth into the surrounding area.","1/4"" | 1/8"" | 1/16""","F1050","Black","30",""
"Hog",,"hog","This spirited palette anchors a clean gray and white foundation with bold black and lively, high-octane orange accents. Hog delivers an engaging, modern environment that uses balanced color to pump active energy and warmth into the surrounding area.","1/4"" | 1/8"" | 1/16""","F1410","Granite","30",""
"Hog",,"hog","This spirited palette anchors a clean gray and white foundation with bold black and lively, high-octane orange accents. Hog delivers an engaging, modern environment that uses balanced color to pump active energy and warmth into the surrounding area.","1/4"" | 1/8"" | 1/16""","F1820","White","30",""
"Hog",,"hog","This spirited palette anchors a clean gray and white foundation with bold black and lively, high-octane orange accents. Hog delivers an engaging, modern environment that uses balanced color to pump active energy and warmth into the surrounding area.","1/4"" | 1/8"" | 1/16""","F2160","Orange","10",""
"Green And Gold",,"green-and-gold","This dynamic palette strikes a clean, modern aesthetic by fusing an optimistic mix of yellow and green tones over a stabilizing gray and white foundation. Green and Gold delivers an educational example of balanced color design, infusing a fresh, high-spirited energy into the surrounding environment.","1/4"" | 1/8"" | 1/16""","F9970","Moss","10",""
"Green And Gold",,"green-and-gold","This dynamic palette strikes a clean, modern aesthetic by fusing an optimistic mix of yellow and green tones over a stabilizing gray and white foundation. Green and Gold delivers an educational example of balanced color design, infusing a fresh, high-spirited energy into the surrounding environment.","1/4"" | 1/8"" | 1/16""","F1820","White","5",""
"Green And Gold",,"green-and-gold","This dynamic palette strikes a clean, modern aesthetic by fusing an optimistic mix of yellow and green tones over a stabilizing gray and white foundation. Green and Gold delivers an educational example of balanced color design, infusing a fresh, high-spirited energy into the surrounding environment.","1/4"" | 1/8"" | 1/16""","F9958","Alpaca White","5",""
"Green And Gold",,"green-and-gold","This dynamic palette strikes a clean, modern aesthetic by fusing an optimistic mix of yellow and green tones over a stabilizing gray and white foundation. Green and Gold delivers an educational example of balanced color design, infusing a fresh, high-spirited energy into the surrounding environment.","1/4"" | 1/8"" | 1/16""","F9916","Favre","75",""
"Green And Gold",,"green-and-gold","This dynamic palette strikes a clean, modern aesthetic by fusing an optimistic mix of yellow and green tones over a stabilizing gray and white foundation. Green and Gold delivers an educational example of balanced color design, infusing a fresh, high-spirited energy into the surrounding environment.","1/4"" | 1/8"" | 1/16""","F6622","Sunrise Yellow","5",""
"Soldier",,"soldier","This clean blend delivers a confident, proud presence by artfully interlacing a classic, high-visibility trio of snowy white, energetic orange, and deep blue tones. Soldier utilizes advanced color harmony to generate an active, high-performance environment that instantly enlivens the surrounding area.","","F1130","Dark Blue","50",""
"Soldier",,"soldier","This clean blend delivers a confident, proud presence by artfully interlacing a classic, high-visibility trio of snowy white, energetic orange, and deep blue tones. Soldier utilizes advanced color harmony to generate an active, high-performance environment that instantly enlivens the surrounding area.","","F1820","White","10",""
"Soldier",,"soldier","This clean blend delivers a confident, proud presence by artfully interlacing a classic, high-visibility trio of snowy white, energetic orange, and deep blue tones. Soldier utilizes advanced color harmony to generate an active, high-performance environment that instantly enlivens the surrounding area.","","F2160","Orange","40",""
"Sun Life",,"sun-life","This clean blend delivers a confident, bright presence by artfully interlacing a classic trio of snowy white, energetic orange, and deep blue tones. Sun Life utilizes sophisticated color harmony to generate an active, high-performance environment that fills the surrounding area with an optimistic and airy spirit.","","F1200","Dusk Blue","60",""
"Sun Life",,"sun-life","This clean blend delivers a confident, bright presence by artfully interlacing a classic trio of snowy white, energetic orange, and deep blue tones. Sun Life utilizes sophisticated color harmony to generate an active, high-performance environment that fills the surrounding area with an optimistic and airy spirit.","","F1820","White","10",""
"Sun Life",,"sun-life","This clean blend delivers a confident, bright presence by artfully interlacing a classic trio of snowy white, energetic orange, and deep blue tones. Sun Life utilizes sophisticated color harmony to generate an active, high-performance environment that fills the surrounding area with an optimistic and airy spirit.","","F2160","Orange","30",""
"Paul Brown",,"paul-brown","This high-contrast palette unleashes striking athletic energy by anchoring a sharp black and white foundation with bold, celebratory splashes of citrus orange. Paul Brown establishes an adventurous, modern environment that delivers an unmistakable visual punch and charges the surrounding area with vibrant momentum.","","F1820","White","10",""
"Paul Brown",,"paul-brown","This high-contrast palette unleashes striking athletic energy by anchoring a sharp black and white foundation with bold, celebratory splashes of citrus orange. Paul Brown establishes an adventurous, modern environment that delivers an unmistakable visual punch and charges the surrounding area with vibrant momentum.","","F2160","Orange","40",""
"Paul Brown",,"paul-brown","This high-contrast palette unleashes striking athletic energy by anchoring a sharp black and white foundation with bold, celebratory splashes of citrus orange. Paul Brown establishes an adventurous, modern environment that delivers an unmistakable visual punch and charges the surrounding area with vibrant momentum.","","F1050","Black","50",""
"Cleveland Chomps",,"cleveland-chomps","This high-energy palette delivers an exciting visual rhythm through a bold interplay of rich brown, stark white, and vivid orange tones. Cleveland Chomps infuses the surrounding environment with a welcoming, high-spirited atmosphere that commands attention while remaining perfectly balanced.","","F1060","Brown","50",""
"Cleveland Chomps",,"cleveland-chomps","This high-energy palette delivers an exciting visual rhythm through a bold interplay of rich brown, stark white, and vivid orange tones. Cleveland Chomps infuses the surrounding environment with a welcoming, high-spirited atmosphere that commands attention while remaining perfectly balanced.","","F1820","White","10",""
"Cleveland Chomps",,"cleveland-chomps","This high-energy palette delivers an exciting visual rhythm through a bold interplay of rich brown, stark white, and vivid orange tones. Cleveland Chomps infuses the surrounding environment with a welcoming, high-spirited atmosphere that commands attention while remaining perfectly balanced.","","F2160","Orange","40",""
"Lp Field",,"lp-field","This balanced palette delivers a confident and grounded presence by artfully interlacing a classic trio of clean white, bold red, and deep blue tones. LP Field utilizes sophisticated color harmony to generate an active, high-performance atmosphere that instantly enlivens the surrounding environment.","1/4"" | 1/8"" | 1/16""","F1130","Dark Blue","50",""
"Lp Field",,"lp-field","This balanced palette delivers a confident and grounded presence by artfully interlacing a classic trio of clean white, bold red, and deep blue tones. LP Field utilizes sophisticated color harmony to generate an active, high-performance atmosphere that instantly enlivens the surrounding environment.","1/4"" | 1/8"" | 1/16""","F1720","Powder Blue","20",""
"Lp Field",,"lp-field","This balanced palette delivers a confident and grounded presence by artfully interlacing a classic trio of clean white, bold red, and deep blue tones. LP Field utilizes sophisticated color harmony to generate an active, high-performance atmosphere that instantly enlivens the surrounding environment.","1/4"" | 1/8"" | 1/16""","F1820","White","10",""
"Lp Field",,"lp-field","This balanced palette delivers a confident and grounded presence by artfully interlacing a classic trio of clean white, bold red, and deep blue tones. LP Field utilizes sophisticated color harmony to generate an active, high-performance atmosphere that instantly enlivens the surrounding environment.","1/4"" | 1/8"" | 1/16""","F2240","Red","20",""
"Miller",,"miller","This classic, high-clarity palette channels the natural brightness of a clear summer morning by weaving together pristine white, sun-drenched yellow, and crisp sky blue tones. Miller delivers an educational example of optimistic color design, pumping a fresh and highly energized spirit into the surrounding environment.","","F1130","Dark Blue","60",""
"Miller",,"miller","This classic, high-clarity palette channels the natural brightness of a clear summer morning by weaving together pristine white, sun-drenched yellow, and crisp sky blue tones. Miller delivers an educational example of optimistic color design, pumping a fresh and highly energized spirit into the surrounding environment.","","F1820","White","10",""
"Miller",,"miller","This classic, high-clarity palette channels the natural brightness of a clear summer morning by weaving together pristine white, sun-drenched yellow, and crisp sky blue tones. Miller delivers an educational example of optimistic color design, pumping a fresh and highly energized spirit into the surrounding environment.","","F2200","Primary Yellow","30",""
"Heinz",,"heinz","This high-performance palette mimics a brilliant flash across a dark sky by dropping energetic yellow accents directly onto a solid black and white field. Heinz cultivates an adventurous, modern environment that delivers an unmistakable visual punch and charges the surrounding area with vibrant momentum.","","F1050","Black","60",""
"Heinz",,"heinz","This high-performance palette mimics a brilliant flash across a dark sky by dropping energetic yellow accents directly onto a solid black and white field. Heinz cultivates an adventurous, modern environment that delivers an unmistakable visual punch and charges the surrounding area with vibrant momentum.","","F1820","White","20",""
"Heinz",,"heinz","This high-performance palette mimics a brilliant flash across a dark sky by dropping energetic yellow accents directly onto a solid black and white field. Heinz cultivates an adventurous, modern environment that delivers an unmistakable visual punch and charges the surrounding area with vibrant momentum.","","F2200","Primary Yellow","20",""
"Superdome",,"superdome","This high-contrast palette unleashes striking athletic energy by anchoring a sharp black and white foundation with bold, celebratory splashes of citrus yellow. Superdome establishes an adventurous, modern environment that delivers an unmistakable visual punch and dramatically brightens up low-light areas with high-impact color design.","","F1050","Black","60",""
"Superdome",,"superdome","This high-contrast palette unleashes striking athletic energy by anchoring a sharp black and white foundation with bold, celebratory splashes of citrus yellow. Superdome establishes an adventurous, modern environment that delivers an unmistakable visual punch and dramatically brightens up low-light areas with high-impact color design.","","F1400","Gold","30",""
"Superdome",,"superdome","This high-contrast palette unleashes striking athletic energy by anchoring a sharp black and white foundation with bold, celebratory splashes of citrus yellow. Superdome establishes an adventurous, modern environment that delivers an unmistakable visual punch and dramatically brightens up low-light areas with high-impact color design.","","F1820","White","10",""
"Doak",,"doak","This welcoming, complex composition fields high-spirited contrast by layering rich woodland brown, stark black, and clean white with targeted pops of vibrant red. Doak introduces an educational masterclass in balanced color theory, injecting an active, grounded warmth into the surrounding environment.","","F1040","Autumn Brown","10",""
"Doak",,"doak","This welcoming, complex composition fields high-spirited contrast by layering rich woodland brown, stark black, and clean white with targeted pops of vibrant red. Doak introduces an educational masterclass in balanced color theory, injecting an active, grounded warmth into the surrounding environment.","","F1050","Black","20",""
"Doak",,"doak","This welcoming, complex composition fields high-spirited contrast by layering rich woodland brown, stark black, and clean white with targeted pops of vibrant red. Doak introduces an educational masterclass in balanced color theory, injecting an active, grounded warmth into the surrounding environment.","","F1820","White","20",""
"Doak",,"doak","This welcoming, complex composition fields high-spirited contrast by layering rich woodland brown, stark black, and clean white with targeted pops of vibrant red. Doak introduces an educational masterclass in balanced color theory, injecting an active, grounded warmth into the surrounding environment.","","F2240","Red","50",""
"Ford",,"ford","This clean composition channels the natural tranquility of an alpine lake by weaving soothing grays, pure white, and refreshing blue tones. Ford establishes an educated, high-energy environment that delivers a crisp and modern atmosphere to the surrounding area.","","F1140","Delray Blue","60",""
"Ford",,"ford","This clean composition channels the natural tranquility of an alpine lake by weaving soothing grays, pure white, and refreshing blue tones. Ford establishes an educated, high-energy environment that delivers a crisp and modern atmosphere to the surrounding area.","","F1410","Granite","20",""
"Ford",,"ford","This clean composition channels the natural tranquility of an alpine lake by weaving soothing grays, pure white, and refreshing blue tones. Ford establishes an educated, high-energy environment that delivers a crisp and modern atmosphere to the surrounding area.","","F1820","White","20",""
"Madden",,"madden","This modern composition pairs sophisticated stone grays and crisp white tones to deliver a clean, high-performance canvas. Madden offers an educational lesson in versatility, creating a balanced yet active neutral environment that maximizes the light and dimensions of the surrounding area.","","F1050","Black","33","percentages sum to 99"
"Madden",,"madden","This modern composition pairs sophisticated stone grays and crisp white tones to deliver a clean, high-performance canvas. Madden offers an educational lesson in versatility, creating a balanced yet active neutral environment that maximizes the light and dimensions of the surrounding area.","","F1800","Whisper Gray","33","percentages sum to 99"
"Madden",,"madden","This modern composition pairs sophisticated stone grays and crisp white tones to deliver a clean, high-performance canvas. Madden offers an educational lesson in versatility, creating a balanced yet active neutral environment that maximizes the light and dimensions of the surrounding area.","","F1820","White","33","percentages sum to 99"
"Metrodome",,"metrodome","This design-forward palette features an engaging, high-contrast mix of clean white, cheerful yellow, and regal purple tones. Metrodome crafts a spirited, creative environment that radiates athletic energy and provides an educational masterclass in bold color theory.","","F1820","White","10",""
"Metrodome",,"metrodome","This design-forward palette features an engaging, high-contrast mix of clean white, cheerful yellow, and regal purple tones. Metrodome crafts a spirited, creative environment that radiates athletic energy and provides an educational masterclass in bold color theory.","","F1020","Amethyst","60",""
"Metrodome",,"metrodome","This design-forward palette features an engaging, high-contrast mix of clean white, cheerful yellow, and regal purple tones. Metrodome crafts a spirited, creative environment that radiates athletic energy and provides an educational masterclass in bold color theory.","","F2200","Primary Yellow","30",""
"Coliseum",,"coliseum","This dramatic blend creates an engaging visual rhythm by uniting striking black, crisp white, and regal red with sunny yellow tones. Coliseum establishes a bold, artistic environment that radiates high-performance energy and a confident color signature.","","F1050","Black","10",""
"Coliseum",,"coliseum","This dramatic blend creates an engaging visual rhythm by uniting striking black, crisp white, and regal red with sunny yellow tones. Coliseum establishes a bold, artistic environment that radiates high-performance energy and a confident color signature.","","F1820","White","20",""
"Coliseum",,"coliseum","This dramatic blend creates an engaging visual rhythm by uniting striking black, crisp white, and regal red with sunny yellow tones. Coliseum establishes a bold, artistic environment that radiates high-performance energy and a confident color signature.","","F2240","Red","60",""
"Coliseum",,"coliseum","This dramatic blend creates an engaging visual rhythm by uniting striking black, crisp white, and regal red with sunny yellow tones. Coliseum establishes a bold, artistic environment that radiates high-performance energy and a confident color signature.","","F2200","Primary Yellow","10",""
"Beaver",,"beaver","This high-energy blend, Beaver, channels the natural movement of a riverbed by pairing sophisticated stone grays and crisp white with sharp river-blue accents. It is the perfect palette for branding a space with a grounded, cool-toned aesthetic that keeps the environment feeling active and fresh.","1/4"" | 1/8"" | 1/16""","F1130","Dark Blue","55",""
"Beaver",,"beaver","This high-energy blend, Beaver, channels the natural movement of a riverbed by pairing sophisticated stone grays and crisp white with sharp river-blue accents. It is the perfect palette for branding a space with a grounded, cool-toned aesthetic that keeps the environment feeling active and fresh.","1/4"" | 1/8"" | 1/16""","F1800","Whisper Gray","30",""
"Beaver",,"beaver","This high-energy blend, Beaver, channels the natural movement of a riverbed by pairing sophisticated stone grays and crisp white with sharp river-blue accents. It is the perfect palette for branding a space with a grounded, cool-toned aesthetic that keeps the environment feeling active and fresh.","1/4"" | 1/8"" | 1/16""","F1820","White","15",""
"Lucas",,"lucas","This refreshing palette channels the natural energy of wide-open summer skies by harmonizing vibrant blue tones with bright white highlights. Lucas creates an airy, high-impact environment that infuses a clean and highly energized spirit into the surrounding area.","","F1790","True Blue","70",""
"Lucas",,"lucas","This refreshing palette channels the natural energy of wide-open summer skies by harmonizing vibrant blue tones with bright white highlights. Lucas creates an airy, high-impact environment that infuses a clean and highly energized spirit into the surrounding area.","","F1820","White","30",""
"Spangle",,"spangle","This clean blend delivers a confident, high-performance presence by artfully interlacing a classic trio of snowy white, energetic red, and deep blue tones over balancing grays. Spangle utilizes advanced color harmony to generate an active, multi-toned environment that instantly enlivens the surrounding area.","","F1790","True Blue","60",""
"Spangle",,"spangle","This clean blend delivers a confident, high-performance presence by artfully interlacing a classic trio of snowy white, energetic red, and deep blue tones over balancing grays. Spangle utilizes advanced color harmony to generate an active, multi-toned environment that instantly enlivens the surrounding area.","","F1800","Whisper Gray","10",""
"Spangle",,"spangle","This clean blend delivers a confident, high-performance presence by artfully interlacing a classic trio of snowy white, energetic red, and deep blue tones over balancing grays. Spangle utilizes advanced color harmony to generate an active, multi-toned environment that instantly enlivens the surrounding area.","","F1820","White","15",""
"Spangle",,"spangle","This clean blend delivers a confident, high-performance presence by artfully interlacing a classic trio of snowy white, energetic red, and deep blue tones over balancing grays. Spangle utilizes advanced color harmony to generate an active, multi-toned environment that instantly enlivens the surrounding area.","","F2240","Red","15",""
"Daredevil",,"daredevil","This bold, dramatic palette unleashes high-octane energy by juxtaposing stark black, crisp white, and deep gray with an intense, fiery crimson. Daredevil cultivates a powerful, confident environment that delivers an unmistakable visual punch and elevates the surrounding space.","","F1050","Black","60",""
"Daredevil",,"daredevil","This bold, dramatic palette unleashes high-octane energy by juxtaposing stark black, crisp white, and deep gray with an intense, fiery crimson. Daredevil cultivates a powerful, confident environment that delivers an unmistakable visual punch and elevates the surrounding space.","","F1800","Whisper Gray","10",""
"Daredevil",,"daredevil","This bold, dramatic palette unleashes high-octane energy by juxtaposing stark black, crisp white, and deep gray with an intense, fiery crimson. Daredevil cultivates a powerful, confident environment that delivers an unmistakable visual punch and elevates the surrounding space.","","F1820","White","15",""
"Daredevil",,"daredevil","This bold, dramatic palette unleashes high-octane energy by juxtaposing stark black, crisp white, and deep gray with an intense, fiery crimson. Daredevil cultivates a powerful, confident environment that delivers an unmistakable visual punch and elevates the surrounding space.","","F2240","Red","15",""
"Briar",,"briar","This organic, high-energy palette charges a clean canvas of cool gray and white with lively moss green accents to bring the vitality of nature indoors. Briar serves as an educational masterclass in design, creating an active visual anchor that effortlessly elevates rich mahogany, sage green, and soft beige tones.","","F1410","Granite","15",""
"Briar",,"briar","This organic, high-energy palette charges a clean canvas of cool gray and white with lively moss green accents to bring the vitality of nature indoors. Briar serves as an educational masterclass in design, creating an active visual anchor that effortlessly elevates rich mahogany, sage green, and soft beige tones.","","F1420","Hunter Green","70",""
"Briar",,"briar","This organic, high-energy palette charges a clean canvas of cool gray and white with lively moss green accents to bring the vitality of nature indoors. Briar serves as an educational masterclass in design, creating an active visual anchor that effortlessly elevates rich mahogany, sage green, and soft beige tones.","","F1820","White","15",""
"Reliant",,"reliant","This multi-colored formulation layers sophisticated stone grays and crisp whites with a high-energy interplay of red and blue accents. Reliant delivers an educational lesson in versatility, creating an engaging, modern environment that balances cool architectural tones and active signature colors.","","F1130","Dark Blue","60",""
"Reliant",,"reliant","This multi-colored formulation layers sophisticated stone grays and crisp whites with a high-energy interplay of red and blue accents. Reliant delivers an educational lesson in versatility, creating an engaging, modern environment that balances cool architectural tones and active signature colors.","","F1800","Whisper Gray","10",""
"Reliant",,"reliant","This multi-colored formulation layers sophisticated stone grays and crisp whites with a high-energy interplay of red and blue accents. Reliant delivers an educational lesson in versatility, creating an engaging, modern environment that balances cool architectural tones and active signature colors.","","F1820","White","15",""
"Reliant",,"reliant","This multi-colored formulation layers sophisticated stone grays and crisp whites with a high-energy interplay of red and blue accents. Reliant delivers an educational lesson in versatility, creating an engaging, modern environment that balances cool architectural tones and active signature colors.","","F2240","Red","15",""
"Bucky",,"bucky","This high-octane palette fields a powerful color story by driving energetic crimson red alongside bold charcoal black and crisp white. Bucky delivers an unmistakable collegiate spirit and premium athletic energy, creating a responsive backdrop that commands attention next to monochromatic finishes.","1/4"" | 1/8"" | 1/16""","F1050","Black","10",""
"Bucky",,"bucky","This high-octane palette fields a powerful color story by driving energetic crimson red alongside bold charcoal black and crisp white. Bucky delivers an unmistakable collegiate spirit and premium athletic energy, creating a responsive backdrop that commands attention next to monochromatic finishes.","1/4"" | 1/8"" | 1/16""","F1820","White","30",""
"Bucky",,"bucky","This high-octane palette fields a powerful color story by driving energetic crimson red alongside bold charcoal black and crisp white. Bucky delivers an unmistakable collegiate spirit and premium athletic energy, creating a responsive backdrop that commands attention next to monochromatic finishes.","1/4"" | 1/8"" | 1/16""","F2240","Red","60",""
"Montana",,"montana","This rugged palette captures the natural power of untamed canyons by synthesizing earthy browns, deep black, stark white, and vibrant red tones. Montana delivers an educational masterclass in organic color design, injecting a high-energy, rustic warmth that actively grounds the surrounding environment.","","F1050","Black","10",""
"Montana",,"montana","This rugged palette captures the natural power of untamed canyons by synthesizing earthy browns, deep black, stark white, and vibrant red tones. Montana delivers an educational masterclass in organic color design, injecting a high-energy, rustic warmth that actively grounds the surrounding environment.","","F1820","White","15",""
"Montana",,"montana","This rugged palette captures the natural power of untamed canyons by synthesizing earthy browns, deep black, stark white, and vibrant red tones. Montana delivers an educational masterclass in organic color design, injecting a high-energy, rustic warmth that actively grounds the surrounding environment.","","F2240","Red","60",""
"Montana",,"montana","This rugged palette captures the natural power of untamed canyons by synthesizing earthy browns, deep black, stark white, and vibrant red tones. Montana delivers an educational masterclass in organic color design, injecting a high-energy, rustic warmth that actively grounds the surrounding environment.","","F1160","Dove Gray","15",""
"Humphrey",,"humphrey","This clean formulation captures the natural crispness of a coastal tide by mixing botanical greens and refreshing blues with pure white. Humphrey sets an airy, modern environment that uses natural color harmony to infuse a fresh and highly energized spirit into the surrounding area.","","F1130","Dark Blue","50",""
"Humphrey",,"humphrey","This clean formulation captures the natural crispness of a coastal tide by mixing botanical greens and refreshing blues with pure white. Humphrey sets an airy, modern environment that uses natural color harmony to infuse a fresh and highly energized spirit into the surrounding area.","","F1200","Dusk Blue","30",""
"Humphrey",,"humphrey","This clean formulation captures the natural crispness of a coastal tide by mixing botanical greens and refreshing blues with pure white. Humphrey sets an airy, modern environment that uses natural color harmony to infuse a fresh and highly energized spirit into the surrounding area.","","F1820","White","20",""
"Everbank",,"everbank","This adventurous palette channels the vitality of a flourishing forest canopy by infusing a deep black and clean white foundation with vibrant yellow, botanical green, and sky blue. Everbank generates an educational, high-energy environment that delivers a fresh and lively atmosphere to the surrounding area.","","F1050","Black","10",""
"Everbank",,"everbank","This adventurous palette channels the vitality of a flourishing forest canopy by infusing a deep black and clean white foundation with vibrant yellow, botanical green, and sky blue. Everbank generates an educational, high-energy environment that delivers a fresh and lively atmosphere to the surrounding area.","","F1200","Dusk Blue","60",""
"Everbank",,"everbank","This adventurous palette channels the vitality of a flourishing forest canopy by infusing a deep black and clean white foundation with vibrant yellow, botanical green, and sky blue. Everbank generates an educational, high-energy environment that delivers a fresh and lively atmosphere to the surrounding area.","","F1570","Mustard","20",""
"Everbank",,"everbank","This adventurous palette channels the vitality of a flourishing forest canopy by infusing a deep black and clean white foundation with vibrant yellow, botanical green, and sky blue. Everbank generates an educational, high-energy environment that delivers a fresh and lively atmosphere to the surrounding area.","","F1820","White","10",""
"Carey",,"carey","This high-spirited palette builds a confident, grounded presence by artfully interlacing a classic trio of clean white, bold red, and deep blue tones. Carey delivers an educational masterclass in color theory, generating an active and energized atmosphere that instantly enlivens the surrounding environment.","","F1790","True Blue","20",""
"Carey",,"carey","This high-spirited palette builds a confident, grounded presence by artfully interlacing a classic trio of clean white, bold red, and deep blue tones. Carey delivers an educational masterclass in color theory, generating an active and energized atmosphere that instantly enlivens the surrounding environment.","","F1820","White","20",""
"Carey",,"carey","This high-spirited palette builds a confident, grounded presence by artfully interlacing a classic trio of clean white, bold red, and deep blue tones. Carey delivers an educational masterclass in color theory, generating an active and energized atmosphere that instantly enlivens the surrounding environment.","","F2240","Red","60",""
"Washington",,"washington","This multi-colored formulation delivers a proud, confident presence by artfully interlacing a classic trio of snowy white and bold black with earthy brown, vibrant red, and sunny yellow tones. Washington utilizes advanced color harmony to generate an active, high-performance environment that fills the surrounding area with an optimistic spirit.","","F1050","Black","10",""
"Washington",,"washington","This multi-colored formulation delivers a proud, confident presence by artfully interlacing a classic trio of snowy white and bold black with earthy brown, vibrant red, and sunny yellow tones. Washington utilizes advanced color harmony to generate an active, high-performance environment that fills the surrounding area with an optimistic spirit.","","F1060","Brown","10",""
"Washington",,"washington","This multi-colored formulation delivers a proud, confident presence by artfully interlacing a classic trio of snowy white and bold black with earthy brown, vibrant red, and sunny yellow tones. Washington utilizes advanced color harmony to generate an active, high-performance environment that fills the surrounding area with an optimistic spirit.","","F1070","Burgundy","40",""
"Washington",,"washington","This multi-colored formulation delivers a proud, confident presence by artfully interlacing a classic trio of snowy white and bold black with earthy brown, vibrant red, and sunny yellow tones. Washington utilizes advanced color harmony to generate an active, high-performance environment that fills the surrounding area with an optimistic spirit.","","F1400","Gold","20",""
"Washington",,"washington","This multi-colored formulation delivers a proud, confident presence by artfully interlacing a classic trio of snowy white and bold black with earthy brown, vibrant red, and sunny yellow tones. Washington utilizes advanced color harmony to generate an active, high-performance environment that fills the surrounding area with an optimistic spirit.","","F1820","White","20",""
"Lincoln",,"lincoln","This refreshing blend delivers a high-impact organic look by combining pure white and crisp botanical green tones. Lincoln serves as an educational example of minimalist design, bringing an active, fresh vitality that instantly enlivens the surrounding environment.","1/4"" | 1/8"" | 1/16""","F1360","Forest Green","70",""
"Lincoln",,"lincoln","This refreshing blend delivers a high-impact organic look by combining pure white and crisp botanical green tones. Lincoln serves as an educational example of minimalist design, bringing an active, fresh vitality that instantly enlivens the surrounding environment.","1/4"" | 1/8"" | 1/16""","F1820","White","30",""
"Cardinal 2",,"cardinal-2","This high-spirited palette flashes an energetic signature red against a balancing backdrop of neutral gray and white. Cardinal injects a vibrant, welcoming warmth into any environment, serving as an active visual anchor that brightens cool-toned layouts.","","F1820","White","30",""
"Cardinal 2",,"cardinal-2","This high-spirited palette flashes an energetic signature red against a balancing backdrop of neutral gray and white. Cardinal injects a vibrant, welcoming warmth into any environment, serving as an active visual anchor that brightens cool-toned layouts.","","F2240","Red","70",""
"Platteville",,"platteville","This welcoming composition captures the natural energy of a bright autumn sunset by layering sophisticated stone grays and crisp white with vibrant, sun-kissed orange tones. Platteville provides an educational lesson in balanced design, infusing a cheerful, grounded warmth that instantly enlivens the surrounding environment.","1/4"" | 1/8"" | 1/16""","F1410","Granite","25",""
"Platteville",,"platteville","This welcoming composition captures the natural energy of a bright autumn sunset by layering sophisticated stone grays and crisp white with vibrant, sun-kissed orange tones. Platteville provides an educational lesson in balanced design, infusing a cheerful, grounded warmth that instantly enlivens the surrounding environment.","1/4"" | 1/8"" | 1/16""","F1415","Graphite","25",""
"Platteville",,"platteville","This welcoming composition captures the natural energy of a bright autumn sunset by layering sophisticated stone grays and crisp white with vibrant, sun-kissed orange tones. Platteville provides an educational lesson in balanced design, infusing a cheerful, grounded warmth that instantly enlivens the surrounding environment.","1/4"" | 1/8"" | 1/16""","F1800","Whisper Gray","25",""
"Platteville",,"platteville","This welcoming composition captures the natural energy of a bright autumn sunset by layering sophisticated stone grays and crisp white with vibrant, sun-kissed orange tones. Platteville provides an educational lesson in balanced design, infusing a cheerful, grounded warmth that instantly enlivens the surrounding environment.","1/4"" | 1/8"" | 1/16""","F2160","Orange","25",""
"White Water",,"white-water","This sophisticated blend captures the natural momentum of rapid mountain currents by mixing rich timber browns, slate grays, and bright whites with a subtle touch of purple. Whitewater provides a confident, grounded warmth that utilizes advanced color harmony to enhance the visual balance of both cool-toned and warm environments.","1/4"" | 1/8"" | 1/16""","F1410","Granite","20",""
"White Water",,"white-water","This sophisticated blend captures the natural momentum of rapid mountain currents by mixing rich timber browns, slate grays, and bright whites with a subtle touch of purple. Whitewater provides a confident, grounded warmth that utilizes advanced color harmony to enhance the visual balance of both cool-toned and warm environments.","1/4"" | 1/8"" | 1/16""","F1415","Graphite","20",""
"White Water",,"white-water","This sophisticated blend captures the natural momentum of rapid mountain currents by mixing rich timber browns, slate grays, and bright whites with a subtle touch of purple. Whitewater provides a confident, grounded warmth that utilizes advanced color harmony to enhance the visual balance of both cool-toned and warm environments.","1/4"" | 1/8"" | 1/16""","F1820","White","20",""
"White Water",,"white-water","This sophisticated blend captures the natural momentum of rapid mountain currents by mixing rich timber browns, slate grays, and bright whites with a subtle touch of purple. Whitewater provides a confident, grounded warmth that utilizes advanced color harmony to enhance the visual balance of both cool-toned and warm environments.","1/4"" | 1/8"" | 1/16""","F1020","Amethyst","20",""
"White Water",,"white-water","This sophisticated blend captures the natural momentum of rapid mountain currents by mixing rich timber browns, slate grays, and bright whites with a subtle touch of purple. Whitewater provides a confident, grounded warmth that utilizes advanced color harmony to enhance the visual balance of both cool-toned and warm environments.","1/4"" | 1/8"" | 1/16""","F1160","Dove Gray","20",""
"Chenille",,"chenille","Soft and inviting, Chenille mirrors a gentle landscape by intertwining earthy browns and misty grays with clean white and subtle pink tones. It creates a comforting, warm atmosphere that pairs exquisitely to soften spaces filled with rose-gold tones, warm creams, and soft taupe backdrops.","1/4"" | 1/8"" | 1/16""","F9961","Functional Gray","17",""
"Chenille",,"chenille","Soft and inviting, Chenille mirrors a gentle landscape by intertwining earthy browns and misty grays with clean white and subtle pink tones. It creates a comforting, warm atmosphere that pairs exquisitely to soften spaces filled with rose-gold tones, warm creams, and soft taupe backdrops.","1/4"" | 1/8"" | 1/16""","F1090","Charcoal","17",""
"Chenille",,"chenille","Soft and inviting, Chenille mirrors a gentle landscape by intertwining earthy browns and misty grays with clean white and subtle pink tones. It creates a comforting, warm atmosphere that pairs exquisitely to soften spaces filled with rose-gold tones, warm creams, and soft taupe backdrops.","1/4"" | 1/8"" | 1/16""","F9957","Taupe","17",""
"Chenille",,"chenille","Soft and inviting, Chenille mirrors a gentle landscape by intertwining earthy browns and misty grays with clean white and subtle pink tones. It creates a comforting, warm atmosphere that pairs exquisitely to soften spaces filled with rose-gold tones, warm creams, and soft taupe backdrops.","1/4"" | 1/8"" | 1/16""","F5306","Porpoise","16",""
"Chenille",,"chenille","Soft and inviting, Chenille mirrors a gentle landscape by intertwining earthy browns and misty grays with clean white and subtle pink tones. It creates a comforting, warm atmosphere that pairs exquisitely to soften spaces filled with rose-gold tones, warm creams, and soft taupe backdrops.","1/4"" | 1/8"" | 1/16""","F9806","Chiffon","16",""
"Chenille",,"chenille","Soft and inviting, Chenille mirrors a gentle landscape by intertwining earthy browns and misty grays with clean white and subtle pink tones. It creates a comforting, warm atmosphere that pairs exquisitely to soften spaces filled with rose-gold tones, warm creams, and soft taupe backdrops.","1/4"" | 1/8"" | 1/16""","F9987","Stone","17",""
"Juneau",,"juneau","Light and airy, Juneau keeps to a clean, cool range of pale gray and soft white — a minimal, open blend that reflects ambient light evenly and provides a composed, undemanding foundation for cooler, spare palettes.","",,,,"No Made Up Of section found on page"
"Sandstone",,"sandstone","Soft and naturally warm, Sandstone layers brown, gray, white, and a hint of pink in a light, muted composition — a quietly sunlit blend that captures the pale warmth of windswept sedimentary stone and pairs easily with warm whites and natural tonal environments.","",,,,"No Made Up Of section found on page"
"Claystone",,"claystone","Rooted in the warm, muted tones of raw clay and weathered stone, Claystone moves through earthy browns, quiet blacks, and pale grays — a grounded, natural blend that settles comfortably in warm neutral environments.","",,,,"No Made Up Of section found on page"
"Agate",,"agate","Balanced and quietly complex, Agate layers cool grays, muted browns, and a whisper of blue — mirroring the banded geology of its namesake mineral — and reads as a composed neutral that holds its own in both bright and low ambient light.","",,,,"No Made Up Of section found on page"
"Husky",,"husky","Pale and quietly cool, Husky moves through clean gray and soft white in a minimal, understated composition — a cool neutral blend that opens up a space visually and pairs cleanly with virtually any surrounding color family.","",,,,"No Made Up Of section found on page"
"Shale",,"shale","Composed and cool, Shale layers brown, black, gray, and white in a muted, cool neutral range — a grounded, geological blend that reads steadily across lighting conditions and pairs naturally with the clean, structural tones of a modern cool palette.","",,,,"No Made Up Of section found on page"
"Armadillo",,"armadillo","A grounded blend of warm browns and mid-toned grays, Armadillo carries the quiet, sun-baked tone of open terrain — understated and steady, it anchors warm neutral palettes while receding gracefully in diffused or low light.","",,,,"No Made Up Of section found on page"
"Slate 2",,"slate-2","Dark and reliably cool, Slate moves through brown, black, gray, and white in a muted, deep cool neutral range — a grounded, geological blend that adds quiet weight to a palette and performs consistently across a wide range of ambient light conditions.","",,,,"No Made Up Of section found on page"
"Blacktop",,"blacktop","Rich and multi-toned, Blacktop layers black and brown with scattered warm undertones of red, amber, and orange — reading bold and dark at first glance, with warm tones that reveal themselves gradually as light moves through the space.","",,,,"No Made Up Of section found on page"
"Limestone",,"limestone","Soft and naturally composed, Limestone layers warm white, pale gray, and muted brown with a cool undertone — a quiet, light-toned blend that captures the understated elegance of weathered sedimentary stone in a clean, neutral range.","",,,,"No Made Up Of section found on page"